file,line,type,commit,author,date,time,timezone,datetime,depth,length
style.css,1,css,6338e60c,willemdehaan,2025-04-11,12:43:40,-07:00,2025-04-11T12:43:40-07:00,0,5
style.css,2,css,6338e60c,willemdehaan,2025-04-11,12:43:40,-07:00,2025-04-11T12:43:40-07:00,0,39
style.css,3,css,6338e60c,willemdehaan,2025-04-11,12:43:40,-07:00,2025-04-11T12:43:40-07:00,0,33
style.css,4,css,33691870,willemdehaan,2025-04-18,11:38:02,-07:00,2025-04-18T11:38:02-07:00,0,24
style.css,5,css,6338e60c,willemdehaan,2025-04-11,12:43:40,-07:00,2025-04-11T12:43:40-07:00,0,0
style.css,6,css,8d1f1893,willemdehaan,2025-04-11,12:51:29,-07:00,2025-04-11T12:51:29-07:00,0,5
style.css,7,css,8d1f1893,willemdehaan,2025-04-11,12:51:29,-07:00,2025-04-11T12:51:29-07:00,0,44
style.css,8,css,8d1f1893,willemdehaan,2025-04-11,12:51:29,-07:00,2025-04-11T12:51:29-07:00,0,43
style.css,9,css,8d1f1893,willemdehaan,2025-04-11,12:51:29,-07:00,2025-04-11T12:51:29-07:00,0,1
style.css,10,css,7cefd2a6,willemdehaan,2025-04-12,12:46:59,-07:00,2025-04-12T12:46:59-07:00,0,24
style.css,11,css,7cefd2a6,willemdehaan,2025-04-12,12:46:59,-07:00,2025-04-12T12:46:59-07:00,0,9
style.css,12,css,7cefd2a6,willemdehaan,2025-04-12,12:46:59,-07:00,2025-04-12T12:46:59-07:00,0,38
style.css,13,css,7cefd2a6,willemdehaan,2025-04-12,12:46:59,-07:00,2025-04-12T12:46:59-07:00,0,19
style.css,14,css,a4330090,willemdehaan,2025-04-12,12:53:00,-07:00,2025-04-12T12:53:00-07:00,0,43
style.css,15,css,08c5e9e5,willemdehaan,2025-04-18,11:15:08,-07:00,2025-04-18T11:15:08-07:00,0,24
style.css,16,css,08c5e9e5,willemdehaan,2025-04-18,11:15:08,-07:00,2025-04-18T11:15:08-07:00,0,17
style.css,17,css,8d1f1893,willemdehaan,2025-04-11,12:51:29,-07:00,2025-04-11T12:51:29-07:00,0,0
style.css,18,css,33691870,willemdehaan,2025-04-18,11:38:02,-07:00,2025-04-18T11:38:02-07:00,0,4
style.css,19,css,33691870,willemdehaan,2025-04-18,11:38:02,-07:00,2025-04-18T11:38:02-07:00,0,40
style.css,20,css,241a7001,willemdehaan,2025-04-11,12:09:59,-07:00,2025-04-11T12:09:59-07:00,0,13
style.css,21,css,7d724d1f,willemdehaan,2025-04-18,11:52:01,-07:00,2025-04-18T11:52:01-07:00,0,44
style.css,22,css,241a7001,willemdehaan,2025-04-11,12:09:59,-07:00,2025-04-11T12:09:59-07:00,0,18
style.css,23,css,d5a56c44,willemdehaan,2025-04-11,12:18:48,-07:00,2025-04-11T12:18:48-07:00,0,0
style.css,24,css,d5a56c44,willemdehaan,2025-04-11,12:18:48,-07:00,2025-04-11T12:18:48-07:00,0,2
style.css,25,css,241a7001,willemdehaan,2025-04-11,12:09:59,-07:00,2025-04-11T12:09:59-07:00,0,7
style.css,26,css,241a7001,willemdehaan,2025-04-11,12:09:59,-07:00,2025-04-11T12:09:59-07:00,0,18
style.css,27,css,241a7001,willemdehaan,2025-04-11,12:09:59,-07:00,2025-04-11T12:09:59-07:00,0,21
style.css,28,css,241a7001,willemdehaan,2025-04-11,12:09:59,-07:00,2025-04-11T12:09:59-07:00,0,14
style.css,29,css,241a7001,willemdehaan,2025-04-11,12:09:59,-07:00,2025-04-11T12:09:59-07:00,0,14
style.css,30,css,d5a56c44,willemdehaan,2025-04-11,12:18:48,-07:00,2025-04-11T12:18:48-07:00,0,0
style.css,31,css,d5a56c44,willemdehaan,2025-04-11,12:18:48,-07:00,2025-04-11T12:18:48-07:00,0,10
style.css,32,css,225b8f8e,willemdehaan,2025-04-18,11:59:52,-07:00,2025-04-18T11:59:52-07:00,0,46
style.css,33,css,241a7001,willemdehaan,2025-04-11,12:09:59,-07:00,2025-04-11T12:09:59-07:00,0,21
style.css,34,css,8d1f1893,willemdehaan,2025-04-11,12:51:29,-07:00,2025-04-11T12:51:29-07:00,0,17
style.css,35,css,d5a56c44,willemdehaan,2025-04-11,12:18:48,-07:00,2025-04-11T12:18:48-07:00,0,0
style.css,36,css,6338e60c,willemdehaan,2025-04-11,12:43:40,-07:00,2025-04-11T12:43:40-07:00,0,8
style.css,37,css,6338e60c,willemdehaan,2025-04-11,12:43:40,-07:00,2025-04-11T12:43:40-07:00,0,46
style.css,38,css,8d1f1893,willemdehaan,2025-04-11,12:51:29,-07:00,2025-04-11T12:51:29-07:00,0,21
style.css,39,css,7d724d1f,willemdehaan,2025-04-18,11:52:01,-07:00,2025-04-18T11:52:01-07:00,0,70
style.css,40,css,8d1f1893,willemdehaan,2025-04-11,12:51:29,-07:00,2025-04-11T12:51:29-07:00,0,17
style.css,41,css,6338e60c,willemdehaan,2025-04-11,12:43:40,-07:00,2025-04-11T12:43:40-07:00,0,26
style.css,42,css,6338e60c,willemdehaan,2025-04-11,12:43:40,-07:00,2025-04-11T12:43:40-07:00,0,0
style.css,43,css,d5a56c44,willemdehaan,2025-04-11,12:18:48,-07:00,2025-04-11T12:18:48-07:00,0,0
style.css,44,css,241a7001,willemdehaan,2025-04-11,12:09:59,-07:00,2025-04-11T12:09:59-07:00,0,0
style.css,45,css,a3193eb1,willemdehaan,2025-04-11,13:19:27,-07:00,2025-04-11T13:19:27-07:00,0,5
style.css,46,css,114990dc,willemdehaan,2025-04-11,13:11:32,-07:00,2025-04-11T13:11:32-07:00,0,13
style.css,47,css,adba5920,willemdehaan,2025-04-11,15:59:23,-07:00,2025-04-11T15:59:23-07:00,0,65
style.css,48,css,adba5920,willemdehaan,2025-04-11,15:59:23,-07:00,2025-04-11T15:59:23-07:00,0,8
style.css,49,css,1dab63fb,willemdehaan,2025-04-11,12:58:43,-07:00,2025-04-11T12:58:43-07:00,0,11
style.css,50,css,eecf4aef,willemdehaan,2025-04-11,15:48:44,-07:00,2025-04-11T15:48:44-07:00,0,16
style.css,51,css,adba5920,willemdehaan,2025-04-11,15:59:23,-07:00,2025-04-11T15:59:23-07:00,0,19
style.css,52,css,114990dc,willemdehaan,2025-04-11,13:11:32,-07:00,2025-04-11T13:11:32-07:00,0,0
style.css,53,css,114990dc,willemdehaan,2025-04-11,13:11:32,-07:00,2025-04-11T13:11:32-07:00,0,0
style.css,54,css,adba5920,willemdehaan,2025-04-11,15:59:23,-07:00,2025-04-11T15:59:23-07:00,0,50
style.css,55,css,a3193eb1,willemdehaan,2025-04-11,13:19:27,-07:00,2025-04-11T13:19:27-07:00,0,6
style.css,56,css,adba5920,willemdehaan,2025-04-11,15:59:23,-07:00,2025-04-11T15:59:23-07:00,0,13
style.css,57,css,adba5920,willemdehaan,2025-04-11,15:59:23,-07:00,2025-04-11T15:59:23-07:00,0,30
style.css,58,css,adba5920,willemdehaan,2025-04-11,15:59:23,-07:00,2025-04-11T15:59:23-07:00,0,55
style.css,59,css,adba5920,willemdehaan,2025-04-11,15:59:23,-07:00,2025-04-11T15:59:23-07:00,0,19
style.css,60,css,114990dc,willemdehaan,2025-04-11,13:11:32,-07:00,2025-04-11T13:11:32-07:00,0,0
style.css,61,css,114990dc,willemdehaan,2025-04-11,13:11:32,-07:00,2025-04-11T13:11:32-07:00,0,0
style.css,62,css,adba5920,willemdehaan,2025-04-11,15:59:23,-07:00,2025-04-11T15:59:23-07:00,0,40
style.css,63,css,a3193eb1,willemdehaan,2025-04-11,13:19:27,-07:00,2025-04-11T13:19:27-07:00,0,11
style.css,64,css,eecf4aef,willemdehaan,2025-04-11,15:48:44,-07:00,2025-04-11T15:48:44-07:00,0,14
style.css,65,css,adba5920,willemdehaan,2025-04-11,15:59:23,-07:00,2025-04-11T15:59:23-07:00,0,16
style.css,66,css,114990dc,willemdehaan,2025-04-11,13:11:32,-07:00,2025-04-11T13:11:32-07:00,0,0
style.css,67,css,114990dc,willemdehaan,2025-04-11,13:11:32,-07:00,2025-04-11T13:11:32-07:00,0,0
style.css,68,css,adba5920,willemdehaan,2025-04-11,15:59:23,-07:00,2025-04-11T15:59:23-07:00,0,41
style.css,69,css,a3193eb1,willemdehaan,2025-04-11,13:19:27,-07:00,2025-04-11T13:19:27-07:00,0,11
style.css,70,css,a3193eb1,willemdehaan,2025-04-11,13:19:27,-07:00,2025-04-11T13:19:27-07:00,0,15
style.css,71,css,eecf4aef,willemdehaan,2025-04-11,15:48:44,-07:00,2025-04-11T15:48:44-07:00,0,14
style.css,72,css,eecf4aef,willemdehaan,2025-04-11,15:48:44,-07:00,2025-04-11T15:48:44-07:00,0,11
style.css,73,css,eecf4aef,willemdehaan,2025-04-11,15:48:44,-07:00,2025-04-11T15:48:44-07:00,0,22
style.css,74,css,eecf4aef,willemdehaan,2025-04-11,15:48:44,-07:00,2025-04-11T15:48:44-07:00,0,14
style.css,75,css,adba5920,willemdehaan,2025-04-11,15:59:23,-07:00,2025-04-11T15:59:23-07:00,0,13
style.css,76,css,114990dc,willemdehaan,2025-04-11,13:11:32,-07:00,2025-04-11T13:11:32-07:00,0,0
style.css,77,css,114990dc,willemdehaan,2025-04-11,13:11:32,-07:00,2025-04-11T13:11:32-07:00,0,0
style.css,78,css,adba5920,willemdehaan,2025-04-11,15:59:23,-07:00,2025-04-11T15:59:23-07:00,0,40
style.css,79,css,a3193eb1,willemdehaan,2025-04-11,13:19:27,-07:00,2025-04-11T13:19:27-07:00,0,7
style.css,80,css,eecf4aef,willemdehaan,2025-04-11,15:48:44,-07:00,2025-04-11T15:48:44-07:00,0,19
style.css,81,css,eecf4aef,willemdehaan,2025-04-11,15:48:44,-07:00,2025-04-11T15:48:44-07:00,0,21
style.css,82,css,eecf4aef,willemdehaan,2025-04-11,15:48:44,-07:00,2025-04-11T15:48:44-07:00,0,13
style.css,83,css,04ab8ad9,willemdehaan,2025-04-18,12:06:44,-07:00,2025-04-18T12:06:44-07:00,0,31
style.css,84,css,adba5920,willemdehaan,2025-04-11,15:59:23,-07:00,2025-04-11T15:59:23-07:00,0,21
style.css,85,css,04ab8ad9,willemdehaan,2025-04-18,12:06:44,-07:00,2025-04-18T12:06:44-07:00,0,22
style.css,86,css,eecf4aef,willemdehaan,2025-04-11,15:48:44,-07:00,2025-04-11T15:48:44-07:00,0,15
style.css,87,css,04ab8ad9,willemdehaan,2025-04-18,12:06:44,-07:00,2025-04-18T12:06:44-07:00,0,25
style.css,88,css,fe757b23,willemdehaan,2025-04-11,16:15:20,-07:00,2025-04-11T16:15:20-07:00,0,0
style.css,89,css,fe757b23,willemdehaan,2025-04-11,16:15:20,-07:00,2025-04-11T16:15:20-07:00,0,13
style.css,90,css,04ab8ad9,willemdehaan,2025-04-18,12:06:44,-07:00,2025-04-18T12:06:44-07:00,0,33
style.css,91,css,7d724d1f,willemdehaan,2025-04-18,11:52:01,-07:00,2025-04-18T11:52:01-07:00,0,70
style.css,92,css,fe757b23,willemdehaan,2025-04-11,16:15:20,-07:00,2025-04-11T16:15:20-07:00,0,17
style.css,93,css,225b8f8e,willemdehaan,2025-04-18,11:59:52,-07:00,2025-04-18T11:59:52-07:00,0,26
style.css,94,css,fe757b23,willemdehaan,2025-04-11,16:15:20,-07:00,2025-04-11T16:15:20-07:00,0,20
style.css,95,css,6c60f771,willemdehaan,2025-04-11,13:04:05,-07:00,2025-04-11T13:04:05-07:00,0,0
style.css,96,css,114990dc,willemdehaan,2025-04-11,13:11:32,-07:00,2025-04-11T13:11:32-07:00,0,0
style.css,97,css,114990dc,willemdehaan,2025-04-11,13:11:32,-07:00,2025-04-11T13:11:32-07:00,0,38
style.css,98,css,114990dc,willemdehaan,2025-04-11,13:11:32,-07:00,2025-04-11T13:11:32-07:00,0,26
style.css,99,css,114990dc,willemdehaan,2025-04-11,13:11:32,-07:00,2025-04-11T13:11:32-07:00,0,5
style.css,100,css,114990dc,willemdehaan,2025-04-11,13:11:32,-07:00,2025-04-11T13:11:32-07:00,0,76
style.css,101,css,114990dc,willemdehaan,2025-04-11,13:11:32,-07:00,2025-04-11T13:11:32-07:00,0,0
style.css,102,css,114990dc,willemdehaan,2025-04-11,13:11:32,-07:00,2025-04-11T13:11:32-07:00,0,0
style.css,103,css,114990dc,willemdehaan,2025-04-11,13:11:32,-07:00,2025-04-11T13:11:32-07:00,0,10
style.css,104,css,114990dc,willemdehaan,2025-04-11,13:11:32,-07:00,2025-04-11T13:11:32-07:00,0,11
style.css,105,css,114990dc,willemdehaan,2025-04-11,13:11:32,-07:00,2025-04-11T13:11:32-07:00,0,15
style.css,106,css,114990dc,willemdehaan,2025-04-11,13:11:32,-07:00,2025-04-11T13:11:32-07:00,0,71
style.css,107,css,114990dc,willemdehaan,2025-04-11,13:11:32,-07:00,2025-04-11T13:11:32-07:00,0,0
style.css,108,css,d48d28e2,willemdehaan,2025-04-11,16:31:00,-07:00,2025-04-11T16:31:00-07:00,0,0
style.css,109,css,d48d28e2,willemdehaan,2025-04-11,16:31:00,-07:00,2025-04-11T16:31:00-07:00,0,10
style.css,110,css,d48d28e2,willemdehaan,2025-04-11,16:31:00,-07:00,2025-04-11T16:31:00-07:00,0,13
style.css,111,css,d48d28e2,willemdehaan,2025-04-11,16:31:00,-07:00,2025-04-11T16:31:00-07:00,0,59
style.css,112,css,a4330090,willemdehaan,2025-04-12,12:53:00,-07:00,2025-04-12T12:53:00-07:00,0,8
style.css,113,css,20f03108,willemdehaan,2025-04-12,12:58:12,-07:00,2025-04-12T12:58:12-07:00,0,0
style.css,114,css,20f03108,willemdehaan,2025-04-12,12:58:12,-07:00,2025-04-12T12:58:12-07:00,0,0
style.css,115,css,20f03108,willemdehaan,2025-04-12,12:58:12,-07:00,2025-04-12T12:58:12-07:00,0,72
style.css,116,css,20f03108,willemdehaan,2025-04-12,12:58:12,-07:00,2025-04-12T12:58:12-07:00,0,18
style.css,117,css,20f03108,willemdehaan,2025-04-12,12:58:12,-07:00,2025-04-12T12:58:12-07:00,0,13
style.css,118,css,20f03108,willemdehaan,2025-04-12,12:58:12,-07:00,2025-04-12T12:58:12-07:00,0,27
style.css,119,css,20f03108,willemdehaan,2025-04-12,12:58:12,-07:00,2025-04-12T12:58:12-07:00,0,16
style.css,120,css,20f03108,willemdehaan,2025-04-12,12:58:12,-07:00,2025-04-12T12:58:12-07:00,0,8
style.css,121,css,20f03108,willemdehaan,2025-04-12,12:58:12,-07:00,2025-04-12T12:58:12-07:00,0,0
style.css,122,css,20f03108,willemdehaan,2025-04-12,12:58:12,-07:00,2025-04-12T12:58:12-07:00,0,0
style.css,123,css,20f03108,willemdehaan,2025-04-12,12:58:12,-07:00,2025-04-12T12:58:12-07:00,0,54
style.css,124,css,20f03108,willemdehaan,2025-04-12,12:58:12,-07:00,2025-04-12T12:58:12-07:00,0,13
style.css,125,css,20f03108,willemdehaan,2025-04-12,12:58:12,-07:00,2025-04-12T12:58:12-07:00,0,9
style.css,126,css,20f03108,willemdehaan,2025-04-12,12:58:12,-07:00,2025-04-12T12:58:12-07:00,0,0
style.css,127,css,20f03108,willemdehaan,2025-04-12,12:58:12,-07:00,2025-04-12T12:58:12-07:00,0,0
style.css,128,css,20f03108,willemdehaan,2025-04-12,12:58:12,-07:00,2025-04-12T12:58:12-07:00,0,57
style.css,129,css,20f03108,willemdehaan,2025-04-12,12:58:12,-07:00,2025-04-12T12:58:12-07:00,0,22
style.css,130,css,20f03108,willemdehaan,2025-04-12,12:58:12,-07:00,2025-04-12T12:58:12-07:00,0,11
style.css,131,css,20f03108,willemdehaan,2025-04-12,12:58:12,-07:00,2025-04-12T12:58:12-07:00,0,12
style.css,132,css,20f03108,willemdehaan,2025-04-12,12:58:12,-07:00,2025-04-12T12:58:12-07:00,0,14
style.css,133,css,20f03108,willemdehaan,2025-04-12,12:58:12,-07:00,2025-04-12T12:58:12-07:00,0,0
style.css,134,css,20f03108,willemdehaan,2025-04-12,12:58:12,-07:00,2025-04-12T12:58:12-07:00,0,0
style.css,135,css,20f03108,willemdehaan,2025-04-12,12:58:12,-07:00,2025-04-12T12:58:12-07:00,0,36
style.css,136,css,20f03108,willemdehaan,2025-04-12,12:58:12,-07:00,2025-04-12T12:58:12-07:00,0,3
style.css,137,css,20f03108,willemdehaan,2025-04-12,12:58:12,-07:00,2025-04-12T12:58:12-07:00,0,15
style.css,138,css,20f03108,willemdehaan,2025-04-12,12:58:12,-07:00,2025-04-12T12:58:12-07:00,0,16
style.css,139,css,20f03108,willemdehaan,2025-04-12,12:58:12,-07:00,2025-04-12T12:58:12-07:00,0,18
style.css,140,css,20f03108,willemdehaan,2025-04-12,12:58:12,-07:00,2025-04-12T12:58:12-07:00,0,0
style.css,141,css,20f03108,willemdehaan,2025-04-12,12:58:12,-07:00,2025-04-12T12:58:12-07:00,0,0
style.css,142,css,20f03108,willemdehaan,2025-04-12,12:58:12,-07:00,2025-04-12T12:58:12-07:00,0,19
style.css,143,css,20f03108,willemdehaan,2025-04-12,12:58:12,-07:00,2025-04-12T12:58:12-07:00,0,16
style.css,144,css,20f03108,willemdehaan,2025-04-12,12:58:12,-07:00,2025-04-12T12:58:12-07:00,0,18
style.css,145,css,0df8acdc,willemdehaan,2025-04-12,13:22:59,-07:00,2025-04-12T13:22:59-07:00,0,0
style.css,146,css,ac79ee57,willemdehaan,2025-04-12,14:18:51,-07:00,2025-04-12T14:18:51-07:00,0,15
style.css,147,css,ecebb5a7,willemdehaan,2025-04-19,20:27:29,-07:00,2025-04-19T20:27:29-07:00,0,18
style.css,148,css,ac79ee57,willemdehaan,2025-04-12,14:18:51,-07:00,2025-04-12T14:18:51-07:00,0,11
style.css,149,css,ecebb5a7,willemdehaan,2025-04-19,20:27:29,-07:00,2025-04-19T20:27:29-07:00,0,57
style.css,150,css,ac79ee57,willemdehaan,2025-04-12,14:18:51,-07:00,2025-04-12T14:18:51-07:00,0,11
style.css,151,css,7d724d1f,willemdehaan,2025-04-18,11:52:01,-07:00,2025-04-18T11:52:01-07:00,0,44
style.css,152,css,ecebb5a7,willemdehaan,2025-04-19,20:27:29,-07:00,2025-04-19T20:27:29-07:00,0,20
style.css,153,css,ac79ee57,willemdehaan,2025-04-12,14:18:51,-07:00,2025-04-12T14:18:51-07:00,0,0
style.css,154,css,ac79ee57,willemdehaan,2025-04-12,14:18:51,-07:00,2025-04-12T14:18:51-07:00,0,0
style.css,155,css,ac79ee57,willemdehaan,2025-04-12,14:18:51,-07:00,2025-04-12T14:18:51-07:00,0,15
style.css,156,css,ac79ee57,willemdehaan,2025-04-12,14:18:51,-07:00,2025-04-12T14:18:51-07:00,0,13
style.css,157,css,ac79ee57,willemdehaan,2025-04-12,14:18:51,-07:00,2025-04-12T14:18:51-07:00,0,23
style.css,158,css,ac79ee57,willemdehaan,2025-04-12,14:18:51,-07:00,2025-04-12T14:18:51-07:00,0,19
style.css,159,css,ac79ee57,willemdehaan,2025-04-12,14:18:51,-07:00,2025-04-12T14:18:51-07:00,0,13
style.css,160,css,ecebb5a7,willemdehaan,2025-04-19,20:27:29,-07:00,2025-04-19T20:27:29-07:00,0,46
style.css,161,css,ecebb5a7,willemdehaan,2025-04-19,20:27:29,-07:00,2025-04-19T20:27:29-07:00,0,18
style.css,162,css,ac79ee57,willemdehaan,2025-04-12,14:18:51,-07:00,2025-04-12T14:18:51-07:00,0,0
style.css,163,css,ac79ee57,willemdehaan,2025-04-12,14:18:51,-07:00,2025-04-12T14:18:51-07:00,0,0
style.css,164,css,ac79ee57,willemdehaan,2025-04-12,14:18:51,-07:00,2025-04-12T14:18:51-07:00,0,19
style.css,165,css,ac79ee57,willemdehaan,2025-04-12,14:18:51,-07:00,2025-04-12T14:18:51-07:00,0,16
style.css,166,css,ac79ee57,willemdehaan,2025-04-12,14:18:51,-07:00,2025-04-12T14:18:51-07:00,0,20
style.css,167,css,ecebb5a7,willemdehaan,2025-04-19,20:27:29,-07:00,2025-04-19T20:27:29-07:00,0,29
style.css,168,css,ac79ee57,willemdehaan,2025-04-12,14:18:51,-07:00,2025-04-12T14:18:51-07:00,0,0
style.css,169,css,ac79ee57,willemdehaan,2025-04-12,14:18:51,-07:00,2025-04-12T14:18:51-07:00,0,0
style.css,170,css,ecebb5a7,willemdehaan,2025-04-19,20:27:29,-07:00,2025-04-19T20:27:29-07:00,0,29
style.css,171,css,ecebb5a7,willemdehaan,2025-04-19,20:27:29,-07:00,2025-04-19T20:27:29-07:00,0,27
style.css,172,css,ecebb5a7,willemdehaan,2025-04-19,20:27:29,-07:00,2025-04-19T20:27:29-07:00,0,18
style.css,173,css,ecebb5a7,willemdehaan,2025-04-19,20:27:29,-07:00,2025-04-19T20:27:29-07:00,0,12
style.css,174,css,ecebb5a7,willemdehaan,2025-04-19,20:27:29,-07:00,2025-04-19T20:27:29-07:00,0,16
style.css,175,css,0df8acdc,willemdehaan,2025-04-12,13:22:59,-07:00,2025-04-12T13:22:59-07:00,0,0
style.css,176,css,0df8acdc,willemdehaan,2025-04-12,13:22:59,-07:00,2025-04-12T13:22:59-07:00,0,0
style.css,177,css,ecebb5a7,willemdehaan,2025-04-19,20:27:29,-07:00,2025-04-19T20:27:29-07:00,0,35
style.css,178,css,ecebb5a7,willemdehaan,2025-04-19,20:27:29,-07:00,2025-04-19T20:27:29-07:00,0,13
style.css,179,css,eb9ac418,willemdehaan,2025-04-19,21:18:18,-07:00,2025-04-19T21:18:18-07:00,0,12
style.css,180,css,eb9ac418,willemdehaan,2025-04-19,21:18:18,-07:00,2025-04-19T21:18:18-07:00,0,12
style.css,181,css,ac79ee57,willemdehaan,2025-04-12,14:18:51,-07:00,2025-04-12T14:18:51-07:00,0,22
style.css,182,css,0df8acdc,willemdehaan,2025-04-12,13:22:59,-07:00,2025-04-12T13:22:59-07:00,0,22
style.css,183,css,0df8acdc,willemdehaan,2025-04-12,13:22:59,-07:00,2025-04-12T13:22:59-07:00,0,23
style.css,184,css,0df8acdc,willemdehaan,2025-04-12,13:22:59,-07:00,2025-04-12T13:22:59-07:00,0,19
style.css,185,css,ecebb5a7,willemdehaan,2025-04-19,20:27:29,-07:00,2025-04-19T20:27:29-07:00,0,14
style.css,186,css,ecebb5a7,willemdehaan,2025-04-19,20:27:29,-07:00,2025-04-19T20:27:29-07:00,0,46
style.css,187,css,ecebb5a7,willemdehaan,2025-04-19,20:27:29,-07:00,2025-04-19T20:27:29-07:00,0,0
style.css,188,css,ecebb5a7,willemdehaan,2025-04-19,20:27:29,-07:00,2025-04-19T20:27:29-07:00,0,0
style.css,189,css,ecebb5a7,willemdehaan,2025-04-19,20:27:29,-07:00,2025-04-19T20:27:29-07:00,0,42
style.css,190,css,42bbf89d,willemdehaan,2025-04-19,20:53:13,-07:00,2025-04-19T20:53:13-07:00,0,14
style.css,191,css,0df8acdc,willemdehaan,2025-04-12,13:22:59,-07:00,2025-04-12T13:22:59-07:00,0,0
style.css,192,css,0df8acdc,willemdehaan,2025-04-12,13:22:59,-07:00,2025-04-12T13:22:59-07:00,0,0
style.css,193,css,ac79ee57,willemdehaan,2025-04-12,14:18:51,-07:00,2025-04-12T14:18:51-07:00,0,43
style.css,194,css,ecebb5a7,willemdehaan,2025-04-19,20:27:29,-07:00,2025-04-19T20:27:29-07:00,0,39
style.css,195,css,3f037040,willemdehaan,2025-04-12,14:13:12,-07:00,2025-04-12T14:13:12-07:00,0,16
style.css,196,css,3f037040,willemdehaan,2025-04-12,14:13:12,-07:00,2025-04-12T14:13:12-07:00,0,11
style.css,197,css,ecebb5a7,willemdehaan,2025-04-19,20:27:29,-07:00,2025-04-19T20:27:29-07:00,0,16
style.css,198,css,3f037040,willemdehaan,2025-04-12,14:13:12,-07:00,2025-04-12T14:13:12-07:00,0,0
style.css,199,css,3f037040,willemdehaan,2025-04-12,14:13:12,-07:00,2025-04-12T14:13:12-07:00,0,0
style.css,200,css,ecebb5a7,willemdehaan,2025-04-19,20:27:29,-07:00,2025-04-19T20:27:29-07:00,0,25
style.css,201,css,ecebb5a7,willemdehaan,2025-04-19,20:27:29,-07:00,2025-04-19T20:27:29-07:00,0,20
style.css,202,css,0df8acdc,willemdehaan,2025-04-12,13:22:59,-07:00,2025-04-12T13:22:59-07:00,0,15
style.css,203,css,0df8acdc,willemdehaan,2025-04-12,13:22:59,-07:00,2025-04-12T13:22:59-07:00,0,18
style.css,204,css,ecebb5a7,willemdehaan,2025-04-19,20:27:29,-07:00,2025-04-19T20:27:29-07:00,0,14
style.css,205,css,ecebb5a7,willemdehaan,2025-04-19,20:27:29,-07:00,2025-04-19T20:27:29-07:00,0,0
style.css,206,css,ecebb5a7,willemdehaan,2025-04-19,20:27:29,-07:00,2025-04-19T20:27:29-07:00,0,0
style.css,207,css,ecebb5a7,willemdehaan,2025-04-19,20:27:29,-07:00,2025-04-19T20:27:29-07:00,0,31
style.css,208,css,ecebb5a7,willemdehaan,2025-04-19,20:27:29,-07:00,2025-04-19T20:27:29-07:00,0,11
style.css,209,css,ecebb5a7,willemdehaan,2025-04-19,20:27:29,-07:00,2025-04-19T20:27:29-07:00,0,15
style.css,210,css,ecebb5a7,willemdehaan,2025-04-19,20:27:29,-07:00,2025-04-19T20:27:29-07:00,0,12
style.css,211,css,ecebb5a7,willemdehaan,2025-04-19,20:27:29,-07:00,2025-04-19T20:27:29-07:00,0,9
style.css,212,css,ecebb5a7,willemdehaan,2025-04-19,20:27:29,-07:00,2025-04-19T20:27:29-07:00,0,27
style.css,213,css,ecebb5a7,willemdehaan,2025-04-19,20:27:29,-07:00,2025-04-19T20:27:29-07:00,0,13
style.css,214,css,ecebb5a7,willemdehaan,2025-04-19,20:27:29,-07:00,2025-04-19T20:27:29-07:00,0,9
style.css,215,css,ecebb5a7,willemdehaan,2025-04-19,20:27:29,-07:00,2025-04-19T20:27:29-07:00,0,11
style.css,216,css,ecebb5a7,willemdehaan,2025-04-19,20:27:29,-07:00,2025-04-19T20:27:29-07:00,0,0
style.css,217,css,ecebb5a7,willemdehaan,2025-04-19,20:27:29,-07:00,2025-04-19T20:27:29-07:00,0,0
style.css,218,css,ecebb5a7,willemdehaan,2025-04-19,20:27:29,-07:00,2025-04-19T20:27:29-07:00,0,18
style.css,219,css,ecebb5a7,willemdehaan,2025-04-19,20:27:29,-07:00,2025-04-19T20:27:29-07:00,0,20
style.css,220,css,ecebb5a7,willemdehaan,2025-04-19,20:27:29,-07:00,2025-04-19T20:27:29-07:00,0,15
style.css,221,css,ecebb5a7,willemdehaan,2025-04-19,20:27:29,-07:00,2025-04-19T20:27:29-07:00,0,12
style.css,222,css,ecebb5a7,willemdehaan,2025-04-19,20:27:29,-07:00,2025-04-19T20:27:29-07:00,0,18
style.css,223,css,ecebb5a7,willemdehaan,2025-04-19,20:27:29,-07:00,2025-04-19T20:27:29-07:00,0,15
style.css,224,css,ecebb5a7,willemdehaan,2025-04-19,20:27:29,-07:00,2025-04-19T20:27:29-07:00,0,40
style.css,225,css,ecebb5a7,willemdehaan,2025-04-19,20:27:29,-07:00,2025-04-19T20:27:29-07:00,0,31
style.css,226,css,33691870,willemdehaan,2025-04-18,11:38:02,-07:00,2025-04-18T11:38:02-07:00,0,0
style.css,227,css,33691870,willemdehaan,2025-04-18,11:38:02,-07:00,2025-04-18T11:38:02-07:00,0,0
style.css,228,css,33691870,willemdehaan,2025-04-18,11:38:02,-07:00,2025-04-18T11:38:02-07:00,0,14
style.css,229,css,33691870,willemdehaan,2025-04-18,11:38:02,-07:00,2025-04-18T11:38:02-07:00,0,18
style.css,230,css,33691870,willemdehaan,2025-04-18,11:38:02,-07:00,2025-04-18T11:38:02-07:00,0,9
style.css,231,css,33691870,willemdehaan,2025-04-18,11:38:02,-07:00,2025-04-18T11:38:02-07:00,0,11
style.css,232,css,7a88250a,willemdehaan,2025-04-19,20:40:45,-07:00,2025-04-19T20:40:45-07:00,0,14
style.css,233,css,33691870,willemdehaan,2025-04-18,11:38:02,-07:00,2025-04-18T11:38:02-07:00,0,20
style.css,234,css,33691870,willemdehaan,2025-04-18,11:38:02,-07:00,2025-04-18T11:38:02-07:00,0,19
style.css,235,css,33691870,willemdehaan,2025-04-18,11:38:02,-07:00,2025-04-18T11:38:02-07:00,0,14
style.css,236,css,33691870,willemdehaan,2025-04-18,11:38:02,-07:00,2025-04-18T11:38:02-07:00,0,0
style.css,237,css,33691870,willemdehaan,2025-04-18,11:38:02,-07:00,2025-04-18T11:38:02-07:00,0,0
style.css,238,css,33691870,willemdehaan,2025-04-18,11:38:02,-07:00,2025-04-18T11:38:02-07:00,0,21
style.css,239,css,33691870,willemdehaan,2025-04-18,11:38:02,-07:00,2025-04-18T11:38:02-07:00,0,20
style.css,240,css,a66e15ba,willemdehaan,2025-04-26,13:31:31,-07:00,2025-04-26T13:31:31-07:00,0,0
style.css,241,css,a66e15ba,willemdehaan,2025-04-26,13:31:31,-07:00,2025-04-26T13:31:31-07:00,0,0
style.css,242,css,a66e15ba,willemdehaan,2025-04-26,13:31:31,-07:00,2025-04-26T13:31:31-07:00,0,18
style.css,243,css,a66e15ba,willemdehaan,2025-04-26,13:31:31,-07:00,2025-04-26T13:31:31-07:00,0,13
style.css,244,css,a66e15ba,willemdehaan,2025-04-26,13:31:31,-07:00,2025-04-26T13:31:31-07:00,0,37
style.css,245,css,a66e15ba,willemdehaan,2025-04-26,13:31:31,-07:00,2025-04-26T13:31:31-07:00,0,11
style.css,246,css,a66e15ba,willemdehaan,2025-04-26,13:31:31,-07:00,2025-04-26T13:31:31-07:00,0,18
style.css,247,css,a66e15ba,willemdehaan,2025-04-26,13:31:31,-07:00,2025-04-26T13:31:31-07:00,0,16
style.css,248,css,a66e15ba,willemdehaan,2025-04-26,13:31:31,-07:00,2025-04-26T13:31:31-07:00,0,0
style.css,249,css,a66e15ba,willemdehaan,2025-04-26,13:31:31,-07:00,2025-04-26T13:31:31-07:00,0,0
style.css,250,css,a66e15ba,willemdehaan,2025-04-26,13:31:31,-07:00,2025-04-26T13:31:31-07:00,0,18
style.css,251,css,a66e15ba,willemdehaan,2025-04-26,13:31:31,-07:00,2025-04-26T13:31:31-07:00,0,17
style.css,252,css,a66e15ba,willemdehaan,2025-04-26,13:31:31,-07:00,2025-04-26T13:31:31-07:00,0,11
style.css,253,css,a66e15ba,willemdehaan,2025-04-26,13:31:31,-07:00,2025-04-26T13:31:31-07:00,0,0
style.css,254,css,a66e15ba,willemdehaan,2025-04-26,13:31:31,-07:00,2025-04-26T13:31:31-07:00,0,0
style.css,255,css,a66e15ba,willemdehaan,2025-04-26,13:31:31,-07:00,2025-04-26T13:31:31-07:00,0,18
style.css,256,css,a66e15ba,willemdehaan,2025-04-26,13:31:31,-07:00,2025-04-26T13:31:31-07:00,0,9
style.css,257,css,a66e15ba,willemdehaan,2025-04-26,13:31:31,-07:00,2025-04-26T13:31:31-07:00,0,11
style.css,258,css,3d881efc,willemdehaan,2025-05-03,07:47:52,-07:00,2025-05-03T07:47:52-07:00,0,0
style.css,259,css,3d881efc,willemdehaan,2025-05-03,07:47:52,-07:00,2025-05-03T07:47:52-07:00,0,0
style.css,260,css,3d881efc,willemdehaan,2025-05-03,07:47:52,-07:00,2025-05-03T07:47:52-07:00,0,14
style.css,261,css,3d881efc,willemdehaan,2025-05-03,07:47:52,-07:00,2025-05-03T07:47:52-07:00,0,11
style.css,262,css,3d881efc,willemdehaan,2025-05-03,07:47:52,-07:00,2025-05-03T07:47:52-07:00,0,31
style.css,263,css,3d881efc,willemdehaan,2025-05-03,07:47:52,-07:00,2025-05-03T07:47:52-07:00,0,35
style.css,264,css,3d881efc,willemdehaan,2025-05-03,07:47:52,-07:00,2025-05-03T07:47:52-07:00,0,17
style.css,265,css,3d881efc,willemdehaan,2025-05-03,07:47:52,-07:00,2025-05-03T07:47:52-07:00,0,18
style.css,266,css,3d881efc,willemdehaan,2025-05-03,07:47:52,-07:00,2025-05-03T07:47:52-07:00,0,0
style.css,267,css,d22f4a1e,willemdehaan,2025-05-03,09:20:13,-07:00,2025-05-03T09:20:13-07:00,0,0
style.css,268,css,3d881efc,willemdehaan,2025-05-03,07:47:52,-07:00,2025-05-03T07:47:52-07:00,0,14
style.css,269,css,3d881efc,willemdehaan,2025-05-03,07:47:52,-07:00,2025-05-03T07:47:52-07:00,0,13
style.css,270,css,3d881efc,willemdehaan,2025-05-03,07:47:52,-07:00,2025-05-03T07:47:52-07:00,0,22
style.css,271,css,3d881efc,willemdehaan,2025-05-03,07:47:52,-07:00,2025-05-03T07:47:52-07:00,0,0
style.css,272,css,3d881efc,willemdehaan,2025-05-03,07:47:52,-07:00,2025-05-03T07:47:52-07:00,0,0
style.css,273,css,b397bff9,willemdehaan,2025-05-03,08:00:40,-07:00,2025-05-03T08:00:40-07:00,0,11
style.css,274,css,b397bff9,willemdehaan,2025-05-03,08:00:40,-07:00,2025-05-03T08:00:40-07:00,0,13
style.css,275,css,b397bff9,willemdehaan,2025-05-03,08:00:40,-07:00,2025-05-03T08:00:40-07:00,0,19
style.css,276,css,b397bff9,willemdehaan,2025-05-03,08:00:40,-07:00,2025-05-03T08:00:40-07:00,0,8
style.css,277,css,b397bff9,willemdehaan,2025-05-03,08:00:40,-07:00,2025-05-03T08:00:40-07:00,0,17
style.css,278,css,b397bff9,willemdehaan,2025-05-03,08:00:40,-07:00,2025-05-03T08:00:40-07:00,0,0
style.css,279,css,b397bff9,willemdehaan,2025-05-03,08:00:40,-07:00,2025-05-03T08:00:40-07:00,0,0
style.css,280,css,3d881efc,willemdehaan,2025-05-03,07:47:52,-07:00,2025-05-03T07:47:52-07:00,0,19
style.css,281,css,3d881efc,willemdehaan,2025-05-03,07:47:52,-07:00,2025-05-03T07:47:52-07:00,0,15
style.css,282,css,b397bff9,willemdehaan,2025-05-03,08:00:40,-07:00,2025-05-03T08:00:40-07:00,0,14
style.css,283,css,3d881efc,willemdehaan,2025-05-03,07:47:52,-07:00,2025-05-03T07:47:52-07:00,0,17
style.css,284,css,b397bff9,willemdehaan,2025-05-03,08:00:40,-07:00,2025-05-03T08:00:40-07:00,0,0
style.css,285,css,b397bff9,willemdehaan,2025-05-03,08:00:40,-07:00,2025-05-03T08:00:40-07:00,0,0
style.css,286,css,b397bff9,willemdehaan,2025-05-03,08:00:40,-07:00,2025-05-03T08:00:40-07:00,0,8
style.css,287,css,b397bff9,willemdehaan,2025-05-03,08:00:40,-07:00,2025-05-03T08:00:40-07:00,0,13
style.css,288,css,b397bff9,willemdehaan,2025-05-03,08:00:40,-07:00,2025-05-03T08:00:40-07:00,0,58
style.css,289,css,b397bff9,willemdehaan,2025-05-03,08:00:40,-07:00,2025-05-03T08:00:40-07:00,0,8
style.css,290,css,b397bff9,willemdehaan,2025-05-03,08:00:40,-07:00,2025-05-03T08:00:40-07:00,0,12
style.css,291,css,b397bff9,willemdehaan,2025-05-03,08:00:40,-07:00,2025-05-03T08:00:40-07:00,0,22
style.css,292,css,b397bff9,willemdehaan,2025-05-03,08:00:40,-07:00,2025-05-03T08:00:40-07:00,0,20
style.css,293,css,b397bff9,willemdehaan,2025-05-03,08:00:40,-07:00,2025-05-03T08:00:40-07:00,0,7
style.css,294,css,b397bff9,willemdehaan,2025-05-03,08:00:40,-07:00,2025-05-03T08:00:40-07:00,0,0
style.css,295,css,b397bff9,willemdehaan,2025-05-03,08:00:40,-07:00,2025-05-03T08:00:40-07:00,0,0
style.css,296,css,b397bff9,willemdehaan,2025-05-03,08:00:40,-07:00,2025-05-03T08:00:40-07:00,0,11
style.css,297,css,b397bff9,willemdehaan,2025-05-03,08:00:40,-07:00,2025-05-03T08:00:40-07:00,0,13
style.css,298,css,b397bff9,willemdehaan,2025-05-03,08:00:40,-07:00,2025-05-03T08:00:40-07:00,0,19
style.css,299,css,b397bff9,willemdehaan,2025-05-03,08:00:40,-07:00,2025-05-03T08:00:40-07:00,0,10
style.css,300,css,b397bff9,willemdehaan,2025-05-03,08:00:40,-07:00,2025-05-03T08:00:40-07:00,0,16
style.css,301,css,d22f4a1e,willemdehaan,2025-05-03,09:20:13,-07:00,2025-05-03T09:20:13-07:00,0,21
style.css,302,css,d22f4a1e,willemdehaan,2025-05-03,09:20:13,-07:00,2025-05-03T09:20:13-07:00,0,21
style.css,303,css,d22f4a1e,willemdehaan,2025-05-03,09:20:13,-07:00,2025-05-03T09:20:13-07:00,0,40
style.css,304,css,b397bff9,willemdehaan,2025-05-03,08:00:40,-07:00,2025-05-03T08:00:40-07:00,0,0
style.css,305,css,b397bff9,willemdehaan,2025-05-03,08:00:40,-07:00,2025-05-03T08:00:40-07:00,0,0
style.css,306,css,b397bff9,willemdehaan,2025-05-03,08:00:40,-07:00,2025-05-03T08:00:40-07:00,0,16
style.css,307,css,b397bff9,willemdehaan,2025-05-03,08:00:40,-07:00,2025-05-03T08:00:40-07:00,0,10
style.css,308,css,b397bff9,willemdehaan,2025-05-03,08:00:40,-07:00,2025-05-03T08:00:40-07:00,0,19
style.css,309,css,b397bff9,willemdehaan,2025-05-03,08:00:40,-07:00,2025-05-03T08:00:40-07:00,0,24
style.css,310,css,b397bff9,willemdehaan,2025-05-03,08:00:40,-07:00,2025-05-03T08:00:40-07:00,0,21
style.css,311,css,b397bff9,willemdehaan,2025-05-03,08:00:40,-07:00,2025-05-03T08:00:40-07:00,0,21
style.css,312,css,b397bff9,willemdehaan,2025-05-03,08:00:40,-07:00,2025-05-03T08:00:40-07:00,0,0
style.css,313,css,b9e2f7d5,willemdehaan,2025-05-03,08:49:41,-07:00,2025-05-03T08:49:41-07:00,0,0
style.css,314,css,d22f4a1e,willemdehaan,2025-05-03,09:20:13,-07:00,2025-05-03T09:20:13-07:00,0,20
style.css,315,css,d22f4a1e,willemdehaan,2025-05-03,09:20:13,-07:00,2025-05-03T09:20:13-07:00,0,34
style.css,316,css,d22f4a1e,willemdehaan,2025-05-03,09:20:13,-07:00,2025-05-03T09:20:13-07:00,0,31
style.css,317,css,d22f4a1e,willemdehaan,2025-05-03,09:20:13,-07:00,2025-05-03T09:20:13-07:00,0,0
style.css,318,css,d22f4a1e,willemdehaan,2025-05-03,09:20:13,-07:00,2025-05-03T09:20:13-07:00,0,0
style.css,319,css,b9e2f7d5,willemdehaan,2025-05-03,08:49:41,-07:00,2025-05-03T08:49:41-07:00,0,11
style.css,320,css,b9e2f7d5,willemdehaan,2025-05-03,08:49:41,-07:00,2025-05-03T08:49:41-07:00,0,14
style.css,321,css,b9e2f7d5,willemdehaan,2025-05-03,08:49:41,-07:00,2025-05-03T08:49:41-07:00,0,11
style.css,322,css,b9e2f7d5,willemdehaan,2025-05-03,08:49:41,-07:00,2025-05-03T08:49:41-07:00,0,16
style.css,323,css,b9e2f7d5,willemdehaan,2025-05-03,08:49:41,-07:00,2025-05-03T08:49:41-07:00,0,17
style.css,324,css,b9e2f7d5,willemdehaan,2025-05-03,08:49:41,-07:00,2025-05-03T08:49:41-07:00,0,21
style.css,325,css,b9e2f7d5,willemdehaan,2025-05-03,08:49:41,-07:00,2025-05-03T08:49:41-07:00,0,16
style.css,326,css,b9e2f7d5,willemdehaan,2025-05-03,08:49:41,-07:00,2025-05-03T08:49:41-07:00,0,49
style.css,327,css,b9e2f7d5,willemdehaan,2025-05-03,08:49:41,-07:00,2025-05-03T08:49:41-07:00,0,21
style.css,328,css,b9e2f7d5,willemdehaan,2025-05-03,08:49:41,-07:00,2025-05-03T08:49:41-07:00,0,13
style.css,329,css,b9e2f7d5,willemdehaan,2025-05-03,08:49:41,-07:00,2025-05-03T08:49:41-07:00,0,22
style.css,330,css,b9e2f7d5,willemdehaan,2025-05-03,08:49:41,-07:00,2025-05-03T08:49:41-07:00,0,0
style.css,331,css,b9e2f7d5,willemdehaan,2025-05-03,08:49:41,-07:00,2025-05-03T08:49:41-07:00,0,0
style.css,332,css,b9e2f7d5,willemdehaan,2025-05-03,08:49:41,-07:00,2025-05-03T08:49:41-07:00,0,17
style.css,333,css,b9e2f7d5,willemdehaan,2025-05-03,08:49:41,-07:00,2025-05-03T08:49:41-07:00,0,45
style.css,334,css,b9e2f7d5,willemdehaan,2025-05-03,08:49:41,-07:00,2025-05-03T08:49:41-07:00,0,44
style.css,335,css,b9e2f7d5,willemdehaan,2025-05-03,08:49:41,-07:00,2025-05-03T08:49:41-07:00,0,0
style.css,336,css,bff29439,willemdehaan,2025-05-03,09:06:34,-07:00,2025-05-03T09:06:34-07:00,0,0
style.css,337,css,d22f4a1e,willemdehaan,2025-05-03,09:20:13,-07:00,2025-05-03T09:20:13-07:00,0,30
style.css,338,css,d22f4a1e,willemdehaan,2025-05-03,09:20:13,-07:00,2025-05-03T09:20:13-07:00,0,37
style.css,339,css,d22f4a1e,willemdehaan,2025-05-03,09:20:13,-07:00,2025-05-03T09:20:13-07:00,0,12
style.css,340,css,bff29439,willemdehaan,2025-05-03,09:06:34,-07:00,2025-05-03T09:06:34-07:00,0,0
style.css,341,css,bff29439,willemdehaan,2025-05-03,09:06:34,-07:00,2025-05-03T09:06:34-07:00,0,0
style.css,342,css,d22f4a1e,willemdehaan,2025-05-03,09:20:13,-07:00,2025-05-03T09:20:13-07:00,0,28
style.css,343,css,d22f4a1e,willemdehaan,2025-05-03,09:20:13,-07:00,2025-05-03T09:20:13-07:00,0,9
style.css,344,css,bff29439,willemdehaan,2025-05-03,09:06:34,-07:00,2025-05-03T09:06:34-07:00,0,17
style.css,345,css,bff29439,willemdehaan,2025-05-03,09:06:34,-07:00,2025-05-03T09:06:34-07:00,0,15
style.css,346,css,bff29439,willemdehaan,2025-05-03,09:06:34,-07:00,2025-05-03T09:06:34-07:00,0,0
style.css,347,css,bff29439,willemdehaan,2025-05-03,09:06:34,-07:00,2025-05-03T09:06:34-07:00,0,0
style.css,348,css,d22f4a1e,willemdehaan,2025-05-03,09:20:13,-07:00,2025-05-03T09:20:13-07:00,0,22
style.css,349,css,d22f4a1e,willemdehaan,2025-05-03,09:20:13,-07:00,2025-05-03T09:20:13-07:00,0,14
style.css,350,css,d22f4a1e,willemdehaan,2025-05-03,09:20:13,-07:00,2025-05-03T09:20:13-07:00,0,33
style.css,351,css,bff29439,willemdehaan,2025-05-03,09:06:34,-07:00,2025-05-03T09:06:34-07:00,0,0
style.css,352,css,bff29439,willemdehaan,2025-05-03,09:06:34,-07:00,2025-05-03T09:06:34-07:00,0,0
style.css,353,css,bff29439,willemdehaan,2025-05-03,09:06:34,-07:00,2025-05-03T09:06:34-07:00,0,0
style.css,354,css,d22f4a1e,willemdehaan,2025-05-03,09:20:13,-07:00,2025-05-03T09:20:13-07:00,0,0
index.js,1,js,487f041d,willemdehaan,2025-04-25,11:45:55,-07:00,2025-04-25T11:45:55-07:00,0,10
index.js,2,js,487f041d,willemdehaan,2025-04-25,11:45:55,-07:00,2025-04-25T11:45:55-07:00,0,0
index.js,3,js,a66e15ba,willemdehaan,2025-04-26,13:31:31,-07:00,2025-04-26T13:31:31-07:00,0,72
index.js,4,js,487f041d,willemdehaan,2025-04-25,11:45:55,-07:00,2025-04-25T11:45:55-07:00,0,0
index.js,5,js,487f041d,willemdehaan,2025-04-25,11:45:55,-07:00,2025-04-25T11:45:55-07:00,0,58
index.js,6,js,487f041d,willemdehaan,2025-04-25,11:45:55,-07:00,2025-04-25T11:45:55-07:00,0,4
index.js,7,js,487f041d,willemdehaan,2025-04-25,11:45:55,-07:00,2025-04-25T11:45:55-07:00,0,24
index.js,8,js,487f041d,willemdehaan,2025-04-25,11:45:55,-07:00,2025-04-25T11:45:55-07:00,0,55
index.js,9,js,487f041d,willemdehaan,2025-04-25,11:45:55,-07:00,2025-04-25T11:45:55-07:00,0,0
index.js,10,js,487f041d,willemdehaan,2025-04-25,11:45:55,-07:00,2025-04-25T11:45:55-07:00,0,26
index.js,11,js,487f041d,willemdehaan,2025-04-25,11:45:55,-07:00,2025-04-25T11:45:55-07:00,0,43
index.js,12,js,487f041d,willemdehaan,2025-04-25,11:45:55,-07:00,2025-04-25T11:45:55-07:00,0,0
index.js,13,js,487f041d,willemdehaan,2025-04-25,11:45:55,-07:00,2025-04-25T11:45:55-07:00,0,38
index.js,14,js,487f041d,willemdehaan,2025-04-25,11:45:55,-07:00,2025-04-25T11:45:55-07:00,0,61
index.js,15,js,487f041d,willemdehaan,2025-04-25,11:45:55,-07:00,2025-04-25T11:45:55-07:00,0,0
index.js,16,js,487f041d,willemdehaan,2025-04-25,11:45:55,-07:00,2025-04-25T11:45:55-07:00,0,37
index.js,17,js,487f041d,willemdehaan,2025-04-25,11:45:55,-07:00,2025-04-25T11:45:55-07:00,0,23
index.js,18,js,487f041d,willemdehaan,2025-04-25,11:45:55,-07:00,2025-04-25T11:45:55-07:00,0,55
index.js,19,js,487f041d,willemdehaan,2025-04-25,11:45:55,-07:00,2025-04-25T11:45:55-07:00,0,7
index.js,20,js,487f041d,willemdehaan,2025-04-25,11:45:55,-07:00,2025-04-25T11:45:55-07:00,0,61
index.js,21,js,487f041d,willemdehaan,2025-04-25,11:45:55,-07:00,2025-04-25T11:45:55-07:00,0,0
index.js,22,js,a66e15ba,willemdehaan,2025-04-26,13:31:31,-07:00,2025-04-26T13:31:31-07:00,0,0
index.js,23,js,a66e15ba,willemdehaan,2025-04-26,13:31:31,-07:00,2025-04-26T13:31:31-07:00,0,27
index.js,24,js,a66e15ba,willemdehaan,2025-04-26,13:31:31,-07:00,2025-04-26T13:31:31-07:00,0,96
index.js,25,js,a66e15ba,willemdehaan,2025-04-26,13:31:31,-07:00,2025-04-26T13:31:31-07:00,0,61
index.js,26,js,a66e15ba,willemdehaan,2025-04-26,13:31:31,-07:00,2025-04-26T13:31:31-07:00,0,0
index.js,27,js,a66e15ba,willemdehaan,2025-04-26,13:31:31,-07:00,2025-04-26T13:31:31-07:00,0,21
index.js,28,js,a66e15ba,willemdehaan,2025-04-26,13:31:31,-07:00,2025-04-26T13:31:31-07:00,0,18
index.js,29,js,a66e15ba,willemdehaan,2025-04-26,13:31:31,-07:00,2025-04-26T13:31:31-07:00,0,25
index.js,30,js,a66e15ba,willemdehaan,2025-04-26,13:31:31,-07:00,2025-04-26T13:31:31-07:00,0,3
index.js,31,js,a66e15ba,willemdehaan,2025-04-26,13:31:31,-07:00,2025-04-26T13:31:31-07:00,0,56
index.js,32,js,a66e15ba,willemdehaan,2025-04-26,13:31:31,-07:00,2025-04-26T13:31:31-07:00,0,56
index.js,33,js,a66e15ba,willemdehaan,2025-04-26,13:31:31,-07:00,2025-04-26T13:31:31-07:00,0,50
index.js,34,js,a66e15ba,willemdehaan,2025-04-26,13:31:31,-07:00,2025-04-26T13:31:31-07:00,0,50
index.js,35,js,a66e15ba,willemdehaan,2025-04-26,13:31:31,-07:00,2025-04-26T13:31:31-07:00,0,4
index.js,36,js,a66e15ba,willemdehaan,2025-04-26,13:31:31,-07:00,2025-04-26T13:31:31-07:00,0,1
index.js,37,js,a66e15ba,willemdehaan,2025-04-26,13:31:31,-07:00,2025-04-26T13:31:31-07:00,0,0
index.js,38,js,487f041d,willemdehaan,2025-04-25,11:45:55,-07:00,2025-04-25T11:45:55-07:00,0,16
index.js,39,js,487f041d,willemdehaan,2025-04-25,11:45:55,-07:00,2025-04-25T11:45:55-07:00,0,55
index.js,40,js,487f041d,willemdehaan,2025-04-25,11:45:55,-07:00,2025-04-25T11:45:55-07:00,0,0
index.js,41,js,487f041d,willemdehaan,2025-04-25,11:45:55,-07:00,2025-04-25T11:45:55-07:00,0,2
index.html,1,html,8bbf23c0,willemdehaan,2025-04-03,16:57:44,-07:00,2025-04-03T16:57:44-07:00,0,14
index.html,2,html,8bbf23c0,willemdehaan,2025-04-03,16:57:44,-07:00,2025-04-03T16:57:44-07:00,0,15
index.html,3,html,8bbf23c0,willemdehaan,2025-04-03,16:57:44,-07:00,2025-04-03T16:57:44-07:00,0,5
index.html,4,html,8bbf23c0,willemdehaan,2025-04-03,16:57:44,-07:00,2025-04-03T16:57:44-07:00,0,21
index.html,5,html,8bbf23c0,willemdehaan,2025-04-03,16:57:44,-07:00,2025-04-03T16:57:44-07:00,0,69
index.html,6,html,8bbf23c0,willemdehaan,2025-04-03,16:57:44,-07:00,2025-04-03T16:57:44-07:00,0,57
index.html,7,html,34888a6e,willemdehaan,2025-04-04,11:12:25,-07:00,2025-04-04T11:12:25-07:00,0,41
index.html,8,html,8bbf23c0,willemdehaan,2025-04-03,16:57:44,-07:00,2025-04-03T16:57:44-07:00,0,6
index.html,9,html,8bbf23c0,willemdehaan,2025-04-03,16:57:44,-07:00,2025-04-03T16:57:44-07:00,0,5
index.html,10,html,8bbf23c0,willemdehaan,2025-04-03,16:57:44,-07:00,2025-04-03T16:57:44-07:00,0,22
index.html,11,html,197e116f,willemdehaan,2025-04-04,10:51:32,-07:00,2025-04-04T10:51:32-07:00,0,169
index.html,12,html,34888a6e,willemdehaan,2025-04-04,11:12:25,-07:00,2025-04-04T11:12:25-07:00,0,111
index.html,13,html,0be2d73e,willemdehaan,2025-04-17,16:58:27,-07:00,2025-04-17T16:58:27-07:00,0,46
index.html,14,html,a66e15ba,willemdehaan,2025-04-26,13:31:31,-07:00,2025-04-26T13:31:31-07:00,0,28
index.html,15,html,a66e15ba,willemdehaan,2025-04-26,13:31:31,-07:00,2025-04-26T13:31:31-07:00,0,23
index.html,16,html,a66e15ba,willemdehaan,2025-04-26,13:31:31,-07:00,2025-04-26T13:31:31-07:00,0,47
index.html,17,html,a66e15ba,willemdehaan,2025-04-26,13:31:31,-07:00,2025-04-26T13:31:31-07:00,0,5
index.html,18,html,487f041d,willemdehaan,2025-04-25,11:45:55,-07:00,2025-04-25T11:45:55-07:00,0,23
index.html,19,html,487f041d,willemdehaan,2025-04-25,11:45:55,-07:00,2025-04-25T11:45:55-07:00,0,21
index.html,20,html,487f041d,willemdehaan,2025-04-25,11:45:55,-07:00,2025-04-25T11:45:55-07:00,0,57
index.html,21,html,ee54edc0,willemdehaan,2025-04-26,14:21:03,-07:00,2025-04-26T14:21:03-07:00,0,51
index.html,22,html,487f041d,willemdehaan,2025-04-25,11:45:55,-07:00,2025-04-25T11:45:55-07:00,0,5
index.html,23,html,8bbf23c0,willemdehaan,2025-04-03,16:57:44,-07:00,2025-04-03T16:57:44-07:00,0,6
index.html,24,html,8bbf23c0,willemdehaan,2025-04-03,16:57:44,-07:00,2025-04-03T16:57:44-07:00,0,6
global.js,1,js,0be2d73e,willemdehaan,2025-04-17,16:58:27,-07:00,2025-04-17T16:58:27-07:00,0,42
global.js,2,js,d5620f75,willemdehaan,2025-04-19,20:57:17,-07:00,2025-04-19T20:57:17-07:00,0,53
global.js,3,js,d5620f75,willemdehaan,2025-04-19,20:57:17,-07:00,2025-04-19T20:57:17-07:00,0,0
global.js,4,js,d5620f75,willemdehaan,2025-04-19,20:57:17,-07:00,2025-04-19T20:57:17-07:00,0,0
global.js,5,js,d5620f75,willemdehaan,2025-04-19,20:57:17,-07:00,2025-04-19T20:57:17-07:00,0,52
global.js,6,js,d5620f75,willemdehaan,2025-04-19,20:57:17,-07:00,2025-04-19T20:57:17-07:00,0,55
global.js,7,js,d5620f75,willemdehaan,2025-04-19,20:57:17,-07:00,2025-04-19T20:57:17-07:00,0,0
global.js,8,js,d5620f75,willemdehaan,2025-04-19,20:57:17,-07:00,2025-04-19T20:57:17-07:00,0,19
global.js,9,js,d5620f75,willemdehaan,2025-04-19,20:57:17,-07:00,2025-04-19T20:57:17-07:00,0,0
global.js,10,js,d5620f75,willemdehaan,2025-04-19,20:57:17,-07:00,2025-04-19T20:57:17-07:00,0,33
global.js,11,js,d5620f75,willemdehaan,2025-04-19,20:57:17,-07:00,2025-04-19T20:57:17-07:00,0,89
global.js,12,js,d5620f75,willemdehaan,2025-04-19,20:57:17,-07:00,2025-04-19T20:57:17-07:00,0,37
global.js,13,js,d5620f75,willemdehaan,2025-04-19,20:57:17,-07:00,2025-04-19T20:57:17-07:00,0,49
global.js,14,js,d5620f75,willemdehaan,2025-04-19,20:57:17,-07:00,2025-04-19T20:57:17-07:00,0,0
global.js,15,js,d5620f75,willemdehaan,2025-04-19,20:57:17,-07:00,2025-04-19T20:57:17-07:00,0,12
global.js,16,js,d5620f75,willemdehaan,2025-04-19,20:57:17,-07:00,2025-04-19T20:57:17-07:00,0,26
global.js,17,js,d5620f75,willemdehaan,2025-04-19,20:57:17,-07:00,2025-04-19T20:57:17-07:00,0,39
global.js,18,js,d5620f75,willemdehaan,2025-04-19,20:57:17,-07:00,2025-04-19T20:57:17-07:00,0,35
global.js,19,js,d5620f75,willemdehaan,2025-04-19,20:57:17,-07:00,2025-04-19T20:57:17-07:00,0,38
global.js,20,js,74a76a37,willemdehaan,2025-05-09,10:36:35,-07:00,2025-05-09T10:36:35-07:00,0,31
global.js,21,js,d5620f75,willemdehaan,2025-04-19,20:57:17,-07:00,2025-04-19T20:57:17-07:00,0,59
global.js,22,js,d5620f75,willemdehaan,2025-04-19,20:57:17,-07:00,2025-04-19T20:57:17-07:00,0,1
global.js,23,js,d5620f75,willemdehaan,2025-04-19,20:57:17,-07:00,2025-04-19T20:57:17-07:00,0,0
global.js,24,js,d5620f75,willemdehaan,2025-04-19,20:57:17,-07:00,2025-04-19T20:57:17-07:00,0,39
global.js,25,js,d5620f75,willemdehaan,2025-04-19,20:57:17,-07:00,2025-04-19T20:57:17-07:00,0,26
global.js,26,js,d5620f75,willemdehaan,2025-04-19,20:57:17,-07:00,2025-04-19T20:57:17-07:00,0,0
global.js,27,js,d5620f75,willemdehaan,2025-04-19,20:57:17,-07:00,2025-04-19T20:57:17-07:00,0,21
global.js,28,js,d5620f75,willemdehaan,2025-04-19,20:57:17,-07:00,2025-04-19T20:57:17-07:00,0,15
global.js,29,js,d5620f75,willemdehaan,2025-04-19,20:57:17,-07:00,2025-04-19T20:57:17-07:00,0,19
global.js,30,js,d5620f75,willemdehaan,2025-04-19,20:57:17,-07:00,2025-04-19T20:57:17-07:00,0,0
global.js,31,js,d5620f75,willemdehaan,2025-04-19,20:57:17,-07:00,2025-04-19T20:57:17-07:00,0,33
global.js,32,js,d5620f75,willemdehaan,2025-04-19,20:57:17,-07:00,2025-04-19T20:57:17-07:00,0,53
global.js,33,js,d5620f75,willemdehaan,2025-04-19,20:57:17,-07:00,2025-04-19T20:57:17-07:00,0,0
global.js,34,js,d5620f75,willemdehaan,2025-04-19,20:57:17,-07:00,2025-04-19T20:57:17-07:00,0,35
global.js,35,js,d5620f75,willemdehaan,2025-04-19,20:57:17,-07:00,2025-04-19T20:57:17-07:00,0,12
global.js,36,js,d5620f75,willemdehaan,2025-04-19,20:57:17,-07:00,2025-04-19T20:57:17-07:00,0,21
global.js,37,js,d5620f75,willemdehaan,2025-04-19,20:57:17,-07:00,2025-04-19T20:57:17-07:00,0,0
global.js,38,js,d5620f75,willemdehaan,2025-04-19,20:57:17,-07:00,2025-04-19T20:57:17-07:00,0,24
global.js,39,js,d5620f75,willemdehaan,2025-04-19,20:57:17,-07:00,2025-04-19T20:57:17-07:00,0,18
global.js,40,js,d5620f75,willemdehaan,2025-04-19,20:57:17,-07:00,2025-04-19T20:57:17-07:00,0,9
global.js,41,js,d5620f75,willemdehaan,2025-04-19,20:57:17,-07:00,2025-04-19T20:57:17-07:00,0,60
global.js,42,js,d5620f75,willemdehaan,2025-04-19,20:57:17,-07:00,2025-04-19T20:57:17-07:00,0,1
global.js,43,js,d5620f75,willemdehaan,2025-04-19,20:57:17,-07:00,2025-04-19T20:57:17-07:00,0,0
global.js,44,js,d5620f75,willemdehaan,2025-04-19,20:57:17,-07:00,2025-04-19T20:57:17-07:00,0,32
global.js,45,js,d5620f75,willemdehaan,2025-04-19,20:57:17,-07:00,2025-04-19T20:57:17-07:00,0,53
global.js,46,js,d5620f75,willemdehaan,2025-04-19,20:57:17,-07:00,2025-04-19T20:57:17-07:00,0,0
global.js,47,js,d5620f75,willemdehaan,2025-04-19,20:57:17,-07:00,2025-04-19T20:57:17-07:00,0,13
global.js,48,js,d5620f75,willemdehaan,2025-04-19,20:57:17,-07:00,2025-04-19T20:57:17-07:00,0,0
global.js,49,js,d5620f75,willemdehaan,2025-04-19,20:57:17,-07:00,2025-04-19T20:57:17-07:00,0,31
global.js,50,js,d5620f75,willemdehaan,2025-04-19,20:57:17,-07:00,2025-04-19T20:57:17-07:00,0,0
global.js,51,js,d5620f75,willemdehaan,2025-04-19,20:57:17,-07:00,2025-04-19T20:57:17-07:00,0,41
global.js,52,js,d5620f75,willemdehaan,2025-04-19,20:57:17,-07:00,2025-04-19T20:57:17-07:00,0,26
global.js,53,js,d5620f75,willemdehaan,2025-04-19,20:57:17,-07:00,2025-04-19T20:57:17-07:00,0,27
global.js,54,js,d5620f75,willemdehaan,2025-04-19,20:57:17,-07:00,2025-04-19T20:57:17-07:00,0,5
global.js,55,js,d5620f75,willemdehaan,2025-04-19,20:57:17,-07:00,2025-04-19T20:57:17-07:00,0,7
global.js,56,js,d5620f75,willemdehaan,2025-04-19,20:57:17,-07:00,2025-04-19T20:57:17-07:00,0,44
global.js,57,js,d5620f75,willemdehaan,2025-04-19,20:57:17,-07:00,2025-04-19T20:57:17-07:00,0,35
global.js,58,js,d5620f75,willemdehaan,2025-04-19,20:57:17,-07:00,2025-04-19T20:57:17-07:00,0,33
global.js,59,js,d5620f75,willemdehaan,2025-04-19,20:57:17,-07:00,2025-04-19T20:57:17-07:00,0,8
global.js,60,js,d5620f75,willemdehaan,2025-04-19,20:57:17,-07:00,2025-04-19T20:57:17-07:00,0,7
global.js,61,js,d5620f75,willemdehaan,2025-04-19,20:57:17,-07:00,2025-04-19T20:57:17-07:00,0,1
global.js,62,js,d5620f75,willemdehaan,2025-04-19,20:57:17,-07:00,2025-04-19T20:57:17-07:00,0,0
global.js,63,js,e01cd0de,willemdehaan,2025-04-19,21:13:37,-07:00,2025-04-19T21:13:37-07:00,0,0
global.js,64,js,d5620f75,willemdehaan,2025-04-19,20:57:17,-07:00,2025-04-19T20:57:17-07:00,0,67
global.js,65,js,d5620f75,willemdehaan,2025-04-19,20:57:17,-07:00,2025-04-19T20:57:17-07:00,0,0
global.js,66,js,d5620f75,willemdehaan,2025-04-19,20:57:17,-07:00,2025-04-19T20:57:17-07:00,0,25
global.js,67,js,d5620f75,willemdehaan,2025-04-19,20:57:17,-07:00,2025-04-19T20:57:17-07:00,0,61
global.js,68,js,d5620f75,willemdehaan,2025-04-19,20:57:17,-07:00,2025-04-19T20:57:17-07:00,0,0
global.js,69,js,d5620f75,willemdehaan,2025-04-19,20:57:17,-07:00,2025-04-19T20:57:17-07:00,0,54
global.js,70,js,d5620f75,willemdehaan,2025-04-19,20:57:17,-07:00,2025-04-19T20:57:17-07:00,0,32
global.js,71,js,d5620f75,willemdehaan,2025-04-19,20:57:17,-07:00,2025-04-19T20:57:17-07:00,0,66
global.js,72,js,5a7e8e2f,willemdehaan,2025-04-18,16:17:32,-07:00,2025-04-18T16:17:32-07:00,0,0
global.js,73,js,5a7e8e2f,willemdehaan,2025-04-18,16:17:32,-07:00,2025-04-18T16:17:32-07:00,0,0
global.js,74,js,d5620f75,willemdehaan,2025-04-19,20:57:17,-07:00,2025-04-19T20:57:17-07:00,0,37
global.js,75,js,d5620f75,willemdehaan,2025-04-19,20:57:17,-07:00,2025-04-19T20:57:17-07:00,0,35
global.js,76,js,d5620f75,willemdehaan,2025-04-19,20:57:17,-07:00,2025-04-19T20:57:17-07:00,0,44
global.js,77,js,d5620f75,willemdehaan,2025-04-19,20:57:17,-07:00,2025-04-19T20:57:17-07:00,0,27
global.js,78,js,d5620f75,willemdehaan,2025-04-19,20:57:17,-07:00,2025-04-19T20:57:17-07:00,0,26
global.js,79,js,d5620f75,willemdehaan,2025-04-19,20:57:17,-07:00,2025-04-19T20:57:17-07:00,0,0
global.js,80,js,b7e05599,willemdehaan,2025-04-19,20:43:39,-07:00,2025-04-19T20:43:39-07:00,0,0
global.js,81,js,d5620f75,willemdehaan,2025-04-19,20:57:17,-07:00,2025-04-19T20:57:17-07:00,0,21
global.js,82,js,d5620f75,willemdehaan,2025-04-19,20:57:17,-07:00,2025-04-19T20:57:17-07:00,0,50
global.js,83,js,d5620f75,willemdehaan,2025-04-19,20:57:17,-07:00,2025-04-19T20:57:17-07:00,0,36
global.js,84,js,d5620f75,willemdehaan,2025-04-19,20:57:17,-07:00,2025-04-19T20:57:17-07:00,0,25
global.js,85,js,d5620f75,willemdehaan,2025-04-19,20:57:17,-07:00,2025-04-19T20:57:17-07:00,0,36
global.js,86,js,d5620f75,willemdehaan,2025-04-19,20:57:17,-07:00,2025-04-19T20:57:17-07:00,0,2
global.js,87,js,d5620f75,willemdehaan,2025-04-19,20:57:17,-07:00,2025-04-19T20:57:17-07:00,0,0
global.js,88,js,d5620f75,willemdehaan,2025-04-19,20:57:17,-07:00,2025-04-19T20:57:17-07:00,0,0
global.js,89,js,d5620f75,willemdehaan,2025-04-19,20:57:17,-07:00,2025-04-19T20:57:17-07:00,0,55
global.js,90,js,d5620f75,willemdehaan,2025-04-19,20:57:17,-07:00,2025-04-19T20:57:17-07:00,0,0
global.js,91,js,d5620f75,willemdehaan,2025-04-19,20:57:17,-07:00,2025-04-19T20:57:17-07:00,0,78
global.js,92,js,d5620f75,willemdehaan,2025-04-19,20:57:17,-07:00,2025-04-19T20:57:17-07:00,0,44
global.js,93,js,d5620f75,willemdehaan,2025-04-19,20:57:17,-07:00,2025-04-19T20:57:17-07:00,0,44
global.js,94,js,d5620f75,willemdehaan,2025-04-19,20:57:17,-07:00,2025-04-19T20:57:17-07:00,0,0
global.js,95,js,d5620f75,willemdehaan,2025-04-19,20:57:17,-07:00,2025-04-19T20:57:17-07:00,0,44
global.js,96,js,d5620f75,willemdehaan,2025-04-19,20:57:17,-07:00,2025-04-19T20:57:17-07:00,0,0
global.js,97,js,d5620f75,willemdehaan,2025-04-19,20:57:17,-07:00,2025-04-19T20:57:17-07:00,0,15
global.js,98,js,d5620f75,willemdehaan,2025-04-19,20:57:17,-07:00,2025-04-19T20:57:17-07:00,0,0
global.js,99,js,d5620f75,willemdehaan,2025-04-19,20:57:17,-07:00,2025-04-19T20:57:17-07:00,0,22
global.js,100,js,d5620f75,willemdehaan,2025-04-19,20:57:17,-07:00,2025-04-19T20:57:17-07:00,0,31
global.js,101,js,d5620f75,willemdehaan,2025-04-19,20:57:17,-07:00,2025-04-19T20:57:17-07:00,0,43
global.js,102,js,b7e05599,willemdehaan,2025-04-19,20:43:39,-07:00,2025-04-19T20:43:39-07:00,0,2
global.js,103,js,d5620f75,willemdehaan,2025-04-19,20:57:17,-07:00,2025-04-19T20:57:17-07:00,0,0
global.js,104,js,d5620f75,willemdehaan,2025-04-19,20:57:17,-07:00,2025-04-19T20:57:17-07:00,0,0
global.js,105,js,d5620f75,willemdehaan,2025-04-19,20:57:17,-07:00,2025-04-19T20:57:17-07:00,0,37
global.js,106,js,d5620f75,willemdehaan,2025-04-19,20:57:17,-07:00,2025-04-19T20:57:17-07:00,0,55
global.js,107,js,d5620f75,willemdehaan,2025-04-19,20:57:17,-07:00,2025-04-19T20:57:17-07:00,0,18
global.js,108,js,d5620f75,willemdehaan,2025-04-19,20:57:17,-07:00,2025-04-19T20:57:17-07:00,0,2
global.js,109,js,d5620f75,willemdehaan,2025-04-19,20:57:17,-07:00,2025-04-19T20:57:17-07:00,0,0
global.js,110,js,d5620f75,willemdehaan,2025-04-19,20:57:17,-07:00,2025-04-19T20:57:17-07:00,0,37
global.js,111,js,d5620f75,willemdehaan,2025-04-19,20:57:17,-07:00,2025-04-19T20:57:17-07:00,0,39
global.js,112,js,ecebb5a7,willemdehaan,2025-04-19,20:27:29,-07:00,2025-04-19T20:27:29-07:00,0,18
global.js,113,js,ecebb5a7,willemdehaan,2025-04-19,20:27:29,-07:00,2025-04-19T20:27:29-07:00,0,2
global.js,114,js,d5620f75,willemdehaan,2025-04-19,20:57:17,-07:00,2025-04-19T20:57:17-07:00,0,0
global.js,115,js,d5620f75,willemdehaan,2025-04-19,20:57:17,-07:00,2025-04-19T20:57:17-07:00,0,18
global.js,116,js,964ec005,willemdehaan,2025-04-25,11:22:58,-07:00,2025-04-25T11:22:58-07:00,0,2
global.js,117,js,964ec005,willemdehaan,2025-04-25,11:22:58,-07:00,2025-04-25T11:22:58-07:00,0,0
global.js,118,js,964ec005,willemdehaan,2025-04-25,11:22:58,-07:00,2025-04-25T11:22:58-07:00,0,37
global.js,119,js,964ec005,willemdehaan,2025-04-25,11:22:58,-07:00,2025-04-25T11:22:58-07:00,0,4
global.js,120,js,964ec005,willemdehaan,2025-04-25,11:22:58,-07:00,2025-04-25T11:22:58-07:00,0,33
global.js,121,js,964ec005,willemdehaan,2025-04-25,11:22:58,-07:00,2025-04-25T11:22:58-07:00,0,18
global.js,122,js,964ec005,willemdehaan,2025-04-25,11:22:58,-07:00,2025-04-25T11:22:58-07:00,0,67
global.js,123,js,964ec005,willemdehaan,2025-04-25,11:22:58,-07:00,2025-04-25T11:22:58-07:00,0,0
global.js,124,js,964ec005,willemdehaan,2025-04-25,11:22:58,-07:00,2025-04-25T11:22:58-07:00,0,34
global.js,125,js,964ec005,willemdehaan,2025-04-25,11:22:58,-07:00,2025-04-25T11:22:58-07:00,0,11
global.js,126,js,964ec005,willemdehaan,2025-04-25,11:22:58,-07:00,2025-04-25T11:22:58-07:00,0,16
global.js,127,js,964ec005,willemdehaan,2025-04-25,11:22:58,-07:00,2025-04-25T11:22:58-07:00,0,60
global.js,128,js,964ec005,willemdehaan,2025-04-25,11:22:58,-07:00,2025-04-25T11:22:58-07:00,0,9
global.js,129,js,964ec005,willemdehaan,2025-04-25,11:22:58,-07:00,2025-04-25T11:22:58-07:00,0,0
global.js,130,js,964ec005,willemdehaan,2025-04-25,11:22:58,-07:00,2025-04-25T11:22:58-07:00,0,0
global.js,131,js,964ec005,willemdehaan,2025-04-25,11:22:58,-07:00,2025-04-25T11:22:58-07:00,0,0
global.js,132,js,964ec005,willemdehaan,2025-04-25,11:22:58,-07:00,2025-04-25T11:22:58-07:00,0,25
global.js,133,js,964ec005,willemdehaan,2025-04-25,11:22:58,-07:00,2025-04-25T11:22:58-07:00,0,80
global.js,134,js,964ec005,willemdehaan,2025-04-25,11:22:58,-07:00,2025-04-25T11:22:58-07:00,0,51
global.js,135,js,964ec005,willemdehaan,2025-04-25,11:22:58,-07:00,2025-04-25T11:22:58-07:00,0,57
global.js,136,js,964ec005,willemdehaan,2025-04-25,11:22:58,-07:00,2025-04-25T11:22:58-07:00,0,6
global.js,137,js,964ec005,willemdehaan,2025-04-25,11:22:58,-07:00,2025-04-25T11:22:58-07:00,0,0
global.js,138,js,964ec005,willemdehaan,2025-04-25,11:22:58,-07:00,2025-04-25T11:22:58-07:00,0,0
global.js,139,js,964ec005,willemdehaan,2025-04-25,11:22:58,-07:00,2025-04-25T11:22:58-07:00,0,57
global.js,140,js,964ec005,willemdehaan,2025-04-25,11:22:58,-07:00,2025-04-25T11:22:58-07:00,0,0
global.js,141,js,964ec005,willemdehaan,2025-04-25,11:22:58,-07:00,2025-04-25T11:22:58-07:00,0,27
global.js,142,js,964ec005,willemdehaan,2025-04-25,11:22:58,-07:00,2025-04-25T11:22:58-07:00,0,56
global.js,143,js,964ec005,willemdehaan,2025-04-25,11:22:58,-07:00,2025-04-25T11:22:58-07:00,0,6
global.js,144,js,964ec005,willemdehaan,2025-04-25,11:22:58,-07:00,2025-04-25T11:22:58-07:00,0,0
global.js,145,js,964ec005,willemdehaan,2025-04-25,11:22:58,-07:00,2025-04-25T11:22:58-07:00,0,0
global.js,146,js,964ec005,willemdehaan,2025-04-25,11:22:58,-07:00,2025-04-25T11:22:58-07:00,0,32
global.js,147,js,964ec005,willemdehaan,2025-04-25,11:22:58,-07:00,2025-04-25T11:22:58-07:00,0,49
global.js,148,js,964ec005,willemdehaan,2025-04-25,11:22:58,-07:00,2025-04-25T11:22:58-07:00,0,71
global.js,149,js,964ec005,willemdehaan,2025-04-25,11:22:58,-07:00,2025-04-25T11:22:58-07:00,0,0
global.js,150,js,964ec005,willemdehaan,2025-04-25,11:22:58,-07:00,2025-04-25T11:22:58-07:00,0,20
global.js,151,js,964ec005,willemdehaan,2025-04-25,11:22:58,-07:00,2025-04-25T11:22:58-07:00,0,70
global.js,152,js,964ec005,willemdehaan,2025-04-25,11:22:58,-07:00,2025-04-25T11:22:58-07:00,0,95
global.js,153,js,8173552b,willemdehaan,2025-05-03,07:44:42,-07:00,2025-05-03T07:44:42-07:00,0,25
global.js,154,js,8173552b,willemdehaan,2025-05-03,07:44:42,-07:00,2025-05-03T07:44:42-07:00,0,59
global.js,155,js,8173552b,willemdehaan,2025-05-03,07:44:42,-07:00,2025-05-03T07:44:42-07:00,0,67
global.js,156,js,8173552b,willemdehaan,2025-05-03,07:44:42,-07:00,2025-05-03T07:44:42-07:00,0,5
global.js,157,js,964ec005,willemdehaan,2025-04-25,11:22:58,-07:00,2025-04-25T11:22:58-07:00,0,1
global.js,158,js,964ec005,willemdehaan,2025-04-25,11:22:58,-07:00,2025-04-25T11:22:58-07:00,0,0
global.js,159,js,964ec005,willemdehaan,2025-04-25,11:22:58,-07:00,2025-04-25T11:22:58-07:00,0,37
global.js,160,js,964ec005,willemdehaan,2025-04-25,11:22:58,-07:00,2025-04-25T11:22:58-07:00,0,0
global.js,161,js,a66e15ba,willemdehaan,2025-04-26,13:31:31,-07:00,2025-04-26T13:31:31-07:00,0,0
global.js,162,js,a66e15ba,willemdehaan,2025-04-26,13:31:31,-07:00,2025-04-26T13:31:31-07:00,0,0
global.js,163,js,a66e15ba,willemdehaan,2025-04-26,13:31:31,-07:00,2025-04-26T13:31:31-07:00,0,48
global.js,164,js,a66e15ba,willemdehaan,2025-04-26,13:31:31,-07:00,2025-04-26T13:31:31-07:00,0,60
global.js,165,js,964ec005,willemdehaan,2025-04-25,11:22:58,-07:00,2025-04-25T11:22:58-07:00,0,0
resume\index.html,1,html,e962f947,willemdehaan,2025-04-04,18:00:39,-07:00,2025-04-04T18:00:39-07:00,0,14
resume\index.html,2,html,e962f947,willemdehaan,2025-04-04,18:00:39,-07:00,2025-04-04T18:00:39-07:00,0,15
resume\index.html,3,html,e962f947,willemdehaan,2025-04-04,18:00:39,-07:00,2025-04-04T18:00:39-07:00,0,5
resume\index.html,4,html,ecebb5a7,willemdehaan,2025-04-19,20:27:29,-07:00,2025-04-19T20:27:29-07:00,0,23
resume\index.html,5,html,ecebb5a7,willemdehaan,2025-04-19,20:27:29,-07:00,2025-04-19T20:27:29-07:00,0,71
resume\index.html,6,html,ecebb5a7,willemdehaan,2025-04-19,20:27:29,-07:00,2025-04-19T20:27:29-07:00,0,29
resume\index.html,7,html,ecebb5a7,willemdehaan,2025-04-19,20:27:29,-07:00,2025-04-19T20:27:29-07:00,0,44
resume\index.html,8,html,e962f947,willemdehaan,2025-04-04,18:00:39,-07:00,2025-04-04T18:00:39-07:00,0,6
resume\index.html,9,html,eef631e9,willemdehaan,2025-04-12,13:49:08,-07:00,2025-04-12T13:49:08-07:00,0,20
resume\index.html,10,html,ecebb5a7,willemdehaan,2025-04-19,20:27:29,-07:00,2025-04-19T20:27:29-07:00,0,26
resume\index.html,11,html,ecebb5a7,willemdehaan,2025-04-19,20:27:29,-07:00,2025-04-19T20:27:29-07:00,0,7
resume\index.html,12,html,ecebb5a7,willemdehaan,2025-04-19,20:27:29,-07:00,2025-04-19T20:27:29-07:00,0,22
resume\index.html,13,html,ecebb5a7,willemdehaan,2025-04-19,20:27:29,-07:00,2025-04-19T20:27:29-07:00,0,2
resume\index.html,14,html,ecebb5a7,willemdehaan,2025-04-19,20:27:29,-07:00,2025-04-19T20:27:29-07:00,0,36
resume\index.html,15,html,ecebb5a7,willemdehaan,2025-04-19,20:27:29,-07:00,2025-04-19T20:27:29-07:00,0,57
resume\index.html,16,html,ecebb5a7,willemdehaan,2025-04-19,20:27:29,-07:00,2025-04-19T20:27:29-07:00,0,3
resume\index.html,17,html,ecebb5a7,willemdehaan,2025-04-19,20:27:29,-07:00,2025-04-19T20:27:29-07:00,0,8
resume\index.html,18,html,ecebb5a7,willemdehaan,2025-04-19,20:27:29,-07:00,2025-04-19T20:27:29-07:00,0,0
resume\index.html,19,html,ecebb5a7,willemdehaan,2025-04-19,20:27:29,-07:00,2025-04-19T20:27:29-07:00,0,26
resume\index.html,20,html,ecebb5a7,willemdehaan,2025-04-19,20:27:29,-07:00,2025-04-19T20:27:29-07:00,0,86
resume\index.html,21,html,ecebb5a7,willemdehaan,2025-04-19,20:27:29,-07:00,2025-04-19T20:27:29-07:00,0,57
resume\index.html,22,html,0df8acdc,willemdehaan,2025-04-12,13:22:59,-07:00,2025-04-12T13:22:59-07:00,0,5
resume\index.html,23,html,ecebb5a7,willemdehaan,2025-04-19,20:27:29,-07:00,2025-04-19T20:27:29-07:00,0,5
resume\index.html,24,html,ecebb5a7,willemdehaan,2025-04-19,20:27:29,-07:00,2025-04-19T20:27:29-07:00,0,0
resume\index.html,25,html,ecebb5a7,willemdehaan,2025-04-19,20:27:29,-07:00,2025-04-19T20:27:29-07:00,0,23
resume\index.html,26,html,ecebb5a7,willemdehaan,2025-04-19,20:27:29,-07:00,2025-04-19T20:27:29-07:00,0,8
resume\index.html,27,html,ecebb5a7,willemdehaan,2025-04-19,20:27:29,-07:00,2025-04-19T20:27:29-07:00,0,17
resume\index.html,28,html,ecebb5a7,willemdehaan,2025-04-19,20:27:29,-07:00,2025-04-19T20:27:29-07:00,0,8
resume\index.html,29,html,ecebb5a7,willemdehaan,2025-04-19,20:27:29,-07:00,2025-04-19T20:27:29-07:00,0,42
resume\index.html,30,html,ecebb5a7,willemdehaan,2025-04-19,20:27:29,-07:00,2025-04-19T20:27:29-07:00,0,80
resume\index.html,31,html,ecebb5a7,willemdehaan,2025-04-19,20:27:29,-07:00,2025-04-19T20:27:29-07:00,0,31
resume\index.html,32,html,ecebb5a7,willemdehaan,2025-04-19,20:27:29,-07:00,2025-04-19T20:27:29-07:00,0,218
resume\index.html,33,html,ecebb5a7,willemdehaan,2025-04-19,20:27:29,-07:00,2025-04-19T20:27:29-07:00,0,9
resume\index.html,34,html,ecebb5a7,willemdehaan,2025-04-19,20:27:29,-07:00,2025-04-19T20:27:29-07:00,0,9
resume\index.html,35,html,e962f947,willemdehaan,2025-04-04,18:00:39,-07:00,2025-04-04T18:00:39-07:00,0,0
resume\index.html,36,html,ecebb5a7,willemdehaan,2025-04-19,20:27:29,-07:00,2025-04-19T20:27:29-07:00,0,8
resume\index.html,37,html,ecebb5a7,willemdehaan,2025-04-19,20:27:29,-07:00,2025-04-19T20:27:29-07:00,0,13
resume\index.html,38,html,ecebb5a7,willemdehaan,2025-04-19,20:27:29,-07:00,2025-04-19T20:27:29-07:00,0,3
resume\index.html,39,html,ecebb5a7,willemdehaan,2025-04-19,20:27:29,-07:00,2025-04-19T20:27:29-07:00,0,71
resume\index.html,40,html,ecebb5a7,willemdehaan,2025-04-19,20:27:29,-07:00,2025-04-19T20:27:29-07:00,0,65
resume\index.html,41,html,ecebb5a7,willemdehaan,2025-04-19,20:27:29,-07:00,2025-04-19T20:27:29-07:00,0,4
resume\index.html,42,html,ecebb5a7,willemdehaan,2025-04-19,20:27:29,-07:00,2025-04-19T20:27:29-07:00,0,9
resume\index.html,43,html,e962f947,willemdehaan,2025-04-04,18:00:39,-07:00,2025-04-04T18:00:39-07:00,0,0
resume\index.html,44,html,ecebb5a7,willemdehaan,2025-04-19,20:27:29,-07:00,2025-04-19T20:27:29-07:00,0,8
resume\index.html,45,html,ecebb5a7,willemdehaan,2025-04-19,20:27:29,-07:00,2025-04-19T20:27:29-07:00,0,31
resume\index.html,46,html,ecebb5a7,willemdehaan,2025-04-19,20:27:29,-07:00,2025-04-19T20:27:29-07:00,0,8
resume\index.html,47,html,ecebb5a7,willemdehaan,2025-04-19,20:27:29,-07:00,2025-04-19T20:27:29-07:00,0,47
resume\index.html,48,html,ecebb5a7,willemdehaan,2025-04-19,20:27:29,-07:00,2025-04-19T20:27:29-07:00,0,56
resume\index.html,49,html,ecebb5a7,willemdehaan,2025-04-19,20:27:29,-07:00,2025-04-19T20:27:29-07:00,0,3
resume\index.html,50,html,ecebb5a7,willemdehaan,2025-04-19,20:27:29,-07:00,2025-04-19T20:27:29-07:00,0,73
resume\index.html,51,html,ecebb5a7,willemdehaan,2025-04-19,20:27:29,-07:00,2025-04-19T20:27:29-07:00,0,68
resume\index.html,52,html,ecebb5a7,willemdehaan,2025-04-19,20:27:29,-07:00,2025-04-19T20:27:29-07:00,0,4
resume\index.html,53,html,ecebb5a7,willemdehaan,2025-04-19,20:27:29,-07:00,2025-04-19T20:27:29-07:00,0,9
resume\index.html,54,html,ecebb5a7,willemdehaan,2025-04-19,20:27:29,-07:00,2025-04-19T20:27:29-07:00,0,8
resume\index.html,55,html,ecebb5a7,willemdehaan,2025-04-19,20:27:29,-07:00,2025-04-19T20:27:29-07:00,0,57
resume\index.html,56,html,ecebb5a7,willemdehaan,2025-04-19,20:27:29,-07:00,2025-04-19T20:27:29-07:00,0,92
resume\index.html,57,html,e962f947,willemdehaan,2025-04-04,18:00:39,-07:00,2025-04-04T18:00:39-07:00,0,3
resume\index.html,58,html,ecebb5a7,willemdehaan,2025-04-19,20:27:29,-07:00,2025-04-19T20:27:29-07:00,0,83
resume\index.html,59,html,e962f947,willemdehaan,2025-04-04,18:00:39,-07:00,2025-04-04T18:00:39-07:00,0,4
resume\index.html,60,html,ecebb5a7,willemdehaan,2025-04-19,20:27:29,-07:00,2025-04-19T20:27:29-07:00,0,9
resume\index.html,61,html,ecebb5a7,willemdehaan,2025-04-19,20:27:29,-07:00,2025-04-19T20:27:29-07:00,0,9
resume\index.html,62,html,e962f947,willemdehaan,2025-04-04,18:00:39,-07:00,2025-04-04T18:00:39-07:00,0,0
resume\index.html,63,html,ecebb5a7,willemdehaan,2025-04-19,20:27:29,-07:00,2025-04-19T20:27:29-07:00,0,8
resume\index.html,64,html,ecebb5a7,willemdehaan,2025-04-19,20:27:29,-07:00,2025-04-19T20:27:29-07:00,0,18
resume\index.html,65,html,ecebb5a7,willemdehaan,2025-04-19,20:27:29,-07:00,2025-04-19T20:27:29-07:00,0,8
resume\index.html,66,html,ecebb5a7,willemdehaan,2025-04-19,20:27:29,-07:00,2025-04-19T20:27:29-07:00,0,62
resume\index.html,67,html,ecebb5a7,willemdehaan,2025-04-19,20:27:29,-07:00,2025-04-19T20:27:29-07:00,0,92
resume\index.html,68,html,ecebb5a7,willemdehaan,2025-04-19,20:27:29,-07:00,2025-04-19T20:27:29-07:00,0,3
resume\index.html,69,html,ecebb5a7,willemdehaan,2025-04-19,20:27:29,-07:00,2025-04-19T20:27:29-07:00,0,76
resume\index.html,70,html,ecebb5a7,willemdehaan,2025-04-19,20:27:29,-07:00,2025-04-19T20:27:29-07:00,0,62
resume\index.html,71,html,ecebb5a7,willemdehaan,2025-04-19,20:27:29,-07:00,2025-04-19T20:27:29-07:00,0,4
resume\index.html,72,html,ecebb5a7,willemdehaan,2025-04-19,20:27:29,-07:00,2025-04-19T20:27:29-07:00,0,9
resume\index.html,73,html,ecebb5a7,willemdehaan,2025-04-19,20:27:29,-07:00,2025-04-19T20:27:29-07:00,0,9
resume\index.html,74,html,e962f947,willemdehaan,2025-04-04,18:00:39,-07:00,2025-04-04T18:00:39-07:00,0,0
resume\index.html,75,html,ecebb5a7,willemdehaan,2025-04-19,20:27:29,-07:00,2025-04-19T20:27:29-07:00,0,8
resume\index.html,76,html,ecebb5a7,willemdehaan,2025-04-19,20:27:29,-07:00,2025-04-19T20:27:29-07:00,0,21
resume\index.html,77,html,ecebb5a7,willemdehaan,2025-04-19,20:27:29,-07:00,2025-04-19T20:27:29-07:00,0,8
resume\index.html,78,html,ecebb5a7,willemdehaan,2025-04-19,20:27:29,-07:00,2025-04-19T20:27:29-07:00,0,55
resume\index.html,79,html,ecebb5a7,willemdehaan,2025-04-19,20:27:29,-07:00,2025-04-19T20:27:29-07:00,0,136
resume\index.html,80,html,ecebb5a7,willemdehaan,2025-04-19,20:27:29,-07:00,2025-04-19T20:27:29-07:00,0,9
resume\index.html,81,html,ecebb5a7,willemdehaan,2025-04-19,20:27:29,-07:00,2025-04-19T20:27:29-07:00,0,9
resume\index.html,82,html,e962f947,willemdehaan,2025-04-04,18:00:39,-07:00,2025-04-04T18:00:39-07:00,0,0
resume\index.html,83,html,ecebb5a7,willemdehaan,2025-04-19,20:27:29,-07:00,2025-04-19T20:27:29-07:00,0,8
resume\index.html,84,html,ecebb5a7,willemdehaan,2025-04-19,20:27:29,-07:00,2025-04-19T20:27:29-07:00,0,14
resume\index.html,85,html,ecebb5a7,willemdehaan,2025-04-19,20:27:29,-07:00,2025-04-19T20:27:29-07:00,0,3
resume\index.html,86,html,ecebb5a7,willemdehaan,2025-04-19,20:27:29,-07:00,2025-04-19T20:27:29-07:00,0,69
resume\index.html,87,html,ecebb5a7,willemdehaan,2025-04-19,20:27:29,-07:00,2025-04-19T20:27:29-07:00,0,72
resume\index.html,88,html,ecebb5a7,willemdehaan,2025-04-19,20:27:29,-07:00,2025-04-19T20:27:29-07:00,0,4
resume\index.html,89,html,ecebb5a7,willemdehaan,2025-04-19,20:27:29,-07:00,2025-04-19T20:27:29-07:00,0,9
resume\index.html,90,html,e962f947,willemdehaan,2025-04-04,18:00:39,-07:00,2025-04-04T18:00:39-07:00,0,0
resume\index.html,91,html,ecebb5a7,willemdehaan,2025-04-19,20:27:29,-07:00,2025-04-19T20:27:29-07:00,0,8
resume\index.html,92,html,ecebb5a7,willemdehaan,2025-04-19,20:27:29,-07:00,2025-04-19T20:27:29-07:00,0,26
resume\index.html,93,html,ecebb5a7,willemdehaan,2025-04-19,20:27:29,-07:00,2025-04-19T20:27:29-07:00,0,100
resume\index.html,94,html,ecebb5a7,willemdehaan,2025-04-19,20:27:29,-07:00,2025-04-19T20:27:29-07:00,0,63
resume\index.html,95,html,ecebb5a7,willemdehaan,2025-04-19,20:27:29,-07:00,2025-04-19T20:27:29-07:00,0,86
resume\index.html,96,html,ecebb5a7,willemdehaan,2025-04-19,20:27:29,-07:00,2025-04-19T20:27:29-07:00,0,9
resume\index.html,97,html,ecebb5a7,willemdehaan,2025-04-19,20:27:29,-07:00,2025-04-19T20:27:29-07:00,0,6
resume\index.html,98,html,e962f947,willemdehaan,2025-04-04,18:00:39,-07:00,2025-04-04T18:00:39-07:00,0,0
resume\index.html,99,html,ecebb5a7,willemdehaan,2025-04-19,20:27:29,-07:00,2025-04-19T20:27:29-07:00,0,25
resume\index.html,100,html,ecebb5a7,willemdehaan,2025-04-19,20:27:29,-07:00,2025-04-19T20:27:29-07:00,0,27
resume\index.html,101,html,ecebb5a7,willemdehaan,2025-04-19,20:27:29,-07:00,2025-04-19T20:27:29-07:00,0,34
resume\index.html,102,html,ecebb5a7,willemdehaan,2025-04-19,20:27:29,-07:00,2025-04-19T20:27:29-07:00,0,30
resume\index.html,103,html,ecebb5a7,willemdehaan,2025-04-19,20:27:29,-07:00,2025-04-19T20:27:29-07:00,0,5
resume\index.html,104,html,9f6cae0b,willemdehaan,2025-04-19,21:10:38,-07:00,2025-04-19T21:10:38-07:00,0,49
resume\index.html,105,html,e962f947,willemdehaan,2025-04-04,18:00:39,-07:00,2025-04-04T18:00:39-07:00,0,6
resume\index.html,106,html,e962f947,willemdehaan,2025-04-04,18:00:39,-07:00,2025-04-04T18:00:39-07:00,0,6
projects\projects.js,1,js,964ec005,willemdehaan,2025-04-25,11:22:58,-07:00,2025-04-25T11:22:58-07:00,0,13
projects\projects.js,2,js,964ec005,willemdehaan,2025-04-25,11:22:58,-07:00,2025-04-25T11:22:58-07:00,0,0
projects\projects.js,3,js,964ec005,willemdehaan,2025-04-25,11:22:58,-07:00,2025-04-25T11:22:58-07:00,0,56
projects\projects.js,4,js,8173552b,willemdehaan,2025-05-03,07:44:42,-07:00,2025-05-03T07:44:42-07:00,0,64
projects\projects.js,5,js,964ec005,willemdehaan,2025-04-25,11:22:58,-07:00,2025-04-25T11:22:58-07:00,0,0
projects\projects.js,6,js,964ec005,willemdehaan,2025-04-25,11:22:58,-07:00,2025-04-25T11:22:58-07:00,0,58
projects\projects.js,7,js,964ec005,willemdehaan,2025-04-25,11:22:58,-07:00,2025-04-25T11:22:58-07:00,0,56
projects\projects.js,8,js,964ec005,willemdehaan,2025-04-25,11:22:58,-07:00,2025-04-25T11:22:58-07:00,0,0
projects\projects.js,9,js,964ec005,willemdehaan,2025-04-25,11:22:58,-07:00,2025-04-25T11:22:58-07:00,0,61
projects\projects.js,10,js,964ec005,willemdehaan,2025-04-25,11:22:58,-07:00,2025-04-25T11:22:58-07:00,0,62
projects\projects.js,11,js,bff29439,willemdehaan,2025-05-03,09:06:34,-07:00,2025-05-03T09:06:34-07:00,0,56
projects\projects.js,12,js,bff29439,willemdehaan,2025-05-03,09:06:34,-07:00,2025-05-03T09:06:34-07:00,0,0
projects\projects.js,13,js,c15ca6db,willemdehaan,2025-05-03,08:34:29,-07:00,2025-05-03T08:34:29-07:00,0,14
projects\projects.js,14,js,bff29439,willemdehaan,2025-05-03,09:06:34,-07:00,2025-05-03T09:06:34-07:00,0,22
projects\projects.js,15,js,bff29439,willemdehaan,2025-05-03,09:06:34,-07:00,2025-05-03T09:06:34-07:00,0,16
projects\projects.js,16,js,964ec005,willemdehaan,2025-04-25,11:22:58,-07:00,2025-04-25T11:22:58-07:00,0,0
projects\projects.js,17,js,d22f4a1e,willemdehaan,2025-05-03,09:20:13,-07:00,2025-05-03T09:20:13-07:00,0,43
projects\projects.js,18,js,d22f4a1e,willemdehaan,2025-05-03,09:20:13,-07:00,2025-05-03T09:20:13-07:00,0,35
projects\projects.js,19,js,d22f4a1e,willemdehaan,2025-05-03,09:20:13,-07:00,2025-05-03T09:20:13-07:00,0,50
projects\projects.js,20,js,d22f4a1e,willemdehaan,2025-05-03,09:20:13,-07:00,2025-05-03T09:20:13-07:00,0,0
projects\projects.js,21,js,d22f4a1e,willemdehaan,2025-05-03,09:20:13,-07:00,2025-05-03T09:20:13-07:00,0,24
projects\projects.js,22,js,964ec005,willemdehaan,2025-04-25,11:22:58,-07:00,2025-04-25T11:22:58-07:00,0,49
projects\projects.js,23,js,bff29439,willemdehaan,2025-05-03,09:06:34,-07:00,2025-05-03T09:06:34-07:00,0,74
projects\projects.js,24,js,bff29439,willemdehaan,2025-05-03,09:06:34,-07:00,2025-05-03T09:06:34-07:00,0,0
projects\projects.js,25,js,bff29439,willemdehaan,2025-05-03,09:06:34,-07:00,2025-05-03T09:06:34-07:00,0,26
projects\projects.js,26,js,d22f4a1e,willemdehaan,2025-05-03,09:20:13,-07:00,2025-05-03T09:20:13-07:00,0,79
projects\projects.js,27,js,d22f4a1e,willemdehaan,2025-05-03,09:20:13,-07:00,2025-05-03T09:20:13-07:00,0,0
projects\projects.js,28,js,d22f4a1e,willemdehaan,2025-05-03,09:20:13,-07:00,2025-05-03T09:20:13-07:00,0,28
projects\projects.js,29,js,d22f4a1e,willemdehaan,2025-05-03,09:20:13,-07:00,2025-05-03T09:20:13-07:00,0,65
projects\projects.js,30,js,d22f4a1e,willemdehaan,2025-05-03,09:20:13,-07:00,2025-05-03T09:20:13-07:00,0,39
projects\projects.js,31,js,d22f4a1e,willemdehaan,2025-05-03,09:20:13,-07:00,2025-05-03T09:20:13-07:00,0,74
projects\projects.js,32,js,d22f4a1e,willemdehaan,2025-05-03,09:20:13,-07:00,2025-05-03T09:20:13-07:00,0,34
projects\projects.js,33,js,d22f4a1e,willemdehaan,2025-05-03,09:20:13,-07:00,2025-05-03T09:20:13-07:00,0,2
projects\projects.js,34,js,964ec005,willemdehaan,2025-04-25,11:22:58,-07:00,2025-04-25T11:22:58-07:00,0,0
projects\projects.js,35,js,8173552b,willemdehaan,2025-05-03,07:44:42,-07:00,2025-05-03T07:44:42-07:00,0,0
projects\projects.js,36,js,bff29439,willemdehaan,2025-05-03,09:06:34,-07:00,2025-05-03T09:06:34-07:00,0,34
projects\projects.js,37,js,bff29439,willemdehaan,2025-05-03,09:06:34,-07:00,2025-05-03T09:06:34-07:00,0,33
projects\projects.js,38,js,bff29439,willemdehaan,2025-05-03,09:06:34,-07:00,2025-05-03T09:06:34-07:00,0,49
projects\projects.js,39,js,d22f4a1e,willemdehaan,2025-05-03,09:20:13,-07:00,2025-05-03T09:20:13-07:00,0,59
projects\projects.js,40,js,bff29439,willemdehaan,2025-05-03,09:06:34,-07:00,2025-05-03T09:06:34-07:00,0,0
projects\projects.js,41,js,b397bff9,willemdehaan,2025-05-03,08:00:40,-07:00,2025-05-03T08:00:40-07:00,0,0
projects\projects.js,42,js,d22f4a1e,willemdehaan,2025-05-03,09:20:13,-07:00,2025-05-03T09:20:13-07:00,0,26
projects\projects.js,43,js,d22f4a1e,willemdehaan,2025-05-03,09:20:13,-07:00,2025-05-03T09:20:13-07:00,0,43
projects\projects.js,44,js,d22f4a1e,willemdehaan,2025-05-03,09:20:13,-07:00,2025-05-03T09:20:13-07:00,0,67
projects\projects.js,45,js,bff29439,willemdehaan,2025-05-03,09:06:34,-07:00,2025-05-03T09:06:34-07:00,0,76
projects\projects.js,46,js,c15ca6db,willemdehaan,2025-05-03,08:34:29,-07:00,2025-05-03T08:34:29-07:00,0,0
projects\projects.js,47,js,bff29439,willemdehaan,2025-05-03,09:06:34,-07:00,2025-05-03T09:06:34-07:00,0,40
projects\projects.js,48,js,d22f4a1e,willemdehaan,2025-05-03,09:20:13,-07:00,2025-05-03T09:20:13-07:00,0,60
projects\projects.js,49,js,bff29439,willemdehaan,2025-05-03,09:06:34,-07:00,2025-05-03T09:06:34-07:00,0,25
projects\projects.js,50,js,c15ca6db,willemdehaan,2025-05-03,08:34:29,-07:00,2025-05-03T08:34:29-07:00,0,0
projects\projects.js,51,js,d22f4a1e,willemdehaan,2025-05-03,09:20:13,-07:00,2025-05-03T09:20:13-07:00,0,26
projects\projects.js,52,js,d22f4a1e,willemdehaan,2025-05-03,09:20:13,-07:00,2025-05-03T09:20:13-07:00,0,30
projects\projects.js,53,js,d22f4a1e,willemdehaan,2025-05-03,09:20:13,-07:00,2025-05-03T09:20:13-07:00,0,0
projects\projects.js,54,js,bff29439,willemdehaan,2025-05-03,09:06:34,-07:00,2025-05-03T09:06:34-07:00,0,25
projects\projects.js,55,js,bff29439,willemdehaan,2025-05-03,09:06:34,-07:00,2025-05-03T09:06:34-07:00,0,17
projects\projects.js,56,js,bff29439,willemdehaan,2025-05-03,09:06:34,-07:00,2025-05-03T09:06:34-07:00,0,28
projects\projects.js,57,js,d22f4a1e,willemdehaan,2025-05-03,09:20:13,-07:00,2025-05-03T09:20:13-07:00,0,66
projects\projects.js,58,js,bff29439,willemdehaan,2025-05-03,09:06:34,-07:00,2025-05-03T09:06:34-07:00,0,21
projects\projects.js,59,js,bff29439,willemdehaan,2025-05-03,09:06:34,-07:00,2025-05-03T09:06:34-07:00,0,52
projects\projects.js,60,js,d22f4a1e,willemdehaan,2025-05-03,09:20:13,-07:00,2025-05-03T09:20:13-07:00,0,26
projects\projects.js,61,js,bff29439,willemdehaan,2025-05-03,09:06:34,-07:00,2025-05-03T09:06:34-07:00,0,19
projects\projects.js,62,js,bff29439,willemdehaan,2025-05-03,09:06:34,-07:00,2025-05-03T09:06:34-07:00,0,44
projects\projects.js,63,js,bff29439,willemdehaan,2025-05-03,09:06:34,-07:00,2025-05-03T09:06:34-07:00,0,24
projects\projects.js,64,js,bff29439,willemdehaan,2025-05-03,09:06:34,-07:00,2025-05-03T09:06:34-07:00,0,2
projects\projects.js,65,js,bff29439,willemdehaan,2025-05-03,09:06:34,-07:00,2025-05-03T09:06:34-07:00,0,2
projects\projects.js,66,js,bff29439,willemdehaan,2025-05-03,09:06:34,-07:00,2025-05-03T09:06:34-07:00,0,0
projects\projects.js,67,js,d22f4a1e,willemdehaan,2025-05-03,09:20:13,-07:00,2025-05-03T09:20:13-07:00,0,15
projects\projects.js,68,js,d22f4a1e,willemdehaan,2025-05-03,09:20:13,-07:00,2025-05-03T09:20:13-07:00,0,31
projects\projects.js,69,js,bff29439,willemdehaan,2025-05-03,09:06:34,-07:00,2025-05-03T09:06:34-07:00,0,26
projects\projects.js,70,js,bff29439,willemdehaan,2025-05-03,09:06:34,-07:00,2025-05-03T09:06:34-07:00,0,18
projects\projects.js,71,js,bff29439,willemdehaan,2025-05-03,09:06:34,-07:00,2025-05-03T09:06:34-07:00,0,38
projects\projects.js,72,js,bff29439,willemdehaan,2025-05-03,09:06:34,-07:00,2025-05-03T09:06:34-07:00,0,52
projects\projects.js,73,js,d22f4a1e,willemdehaan,2025-05-03,09:20:13,-07:00,2025-05-03T09:20:13-07:00,0,69
projects\projects.js,74,js,d22f4a1e,willemdehaan,2025-05-03,09:20:13,-07:00,2025-05-03T09:20:13-07:00,0,19
projects\projects.js,75,js,d22f4a1e,willemdehaan,2025-05-03,09:20:13,-07:00,2025-05-03T09:20:13-07:00,0,44
projects\projects.js,76,js,d22f4a1e,willemdehaan,2025-05-03,09:20:13,-07:00,2025-05-03T09:20:13-07:00,0,24
projects\projects.js,77,js,d22f4a1e,willemdehaan,2025-05-03,09:20:13,-07:00,2025-05-03T09:20:13-07:00,0,2
projects\projects.js,78,js,bff29439,willemdehaan,2025-05-03,09:06:34,-07:00,2025-05-03T09:06:34-07:00,0,2
projects\projects.js,79,js,bff29439,willemdehaan,2025-05-03,09:06:34,-07:00,2025-05-03T09:06:34-07:00,0,0
projects\projects.js,80,js,bff29439,willemdehaan,2025-05-03,09:06:34,-07:00,2025-05-03T09:06:34-07:00,0,0
projects\projects.js,81,js,d22f4a1e,willemdehaan,2025-05-03,09:20:13,-07:00,2025-05-03T09:20:13-07:00,0,23
projects\projects.js,82,js,d22f4a1e,willemdehaan,2025-05-03,09:20:13,-07:00,2025-05-03T09:20:13-07:00,0,43
projects\projects.js,83,js,d22f4a1e,willemdehaan,2025-05-03,09:20:13,-07:00,2025-05-03T09:20:13-07:00,0,22
projects\projects.js,84,js,bff29439,willemdehaan,2025-05-03,09:06:34,-07:00,2025-05-03T09:06:34-07:00,0,24
projects\projects.js,85,js,c15ca6db,willemdehaan,2025-05-03,08:34:29,-07:00,2025-05-03T08:34:29-07:00,0,2
projects\projects.js,86,js,bff29439,willemdehaan,2025-05-03,09:06:34,-07:00,2025-05-03T09:06:34-07:00,0,0
projects\projects.js,87,js,d22f4a1e,willemdehaan,2025-05-03,09:20:13,-07:00,2025-05-03T09:20:13-07:00,0,38
projects\projects.js,88,js,964ec005,willemdehaan,2025-04-25,11:22:58,-07:00,2025-04-25T11:22:58-07:00,0,2
projects\projects.js,89,js,bff29439,willemdehaan,2025-05-03,09:06:34,-07:00,2025-05-03T09:06:34-07:00,0,0
projects\index.html,1,html,a7167dff,willemdehaan,2025-04-04,12:19:56,-07:00,2025-04-04T12:19:56-07:00,0,14
projects\index.html,2,html,a7167dff,willemdehaan,2025-04-04,12:19:56,-07:00,2025-04-04T12:19:56-07:00,0,15
projects\index.html,3,html,a7167dff,willemdehaan,2025-04-04,12:19:56,-07:00,2025-04-04T12:19:56-07:00,0,5
projects\index.html,4,html,964ec005,willemdehaan,2025-04-25,11:22:58,-07:00,2025-04-25T11:22:58-07:00,0,23
projects\index.html,5,html,964ec005,willemdehaan,2025-04-25,11:22:58,-07:00,2025-04-25T11:22:58-07:00,0,71
projects\index.html,6,html,964ec005,willemdehaan,2025-04-25,11:22:58,-07:00,2025-04-25T11:22:58-07:00,0,31
projects\index.html,7,html,964ec005,willemdehaan,2025-04-25,11:22:58,-07:00,2025-04-25T11:22:58-07:00,0,44
projects\index.html,8,html,a7167dff,willemdehaan,2025-04-04,12:19:56,-07:00,2025-04-04T12:19:56-07:00,0,6
projects\index.html,9,html,a7167dff,willemdehaan,2025-04-04,12:19:56,-07:00,2025-04-04T12:19:56-07:00,0,5
projects\index.html,10,html,964ec005,willemdehaan,2025-04-25,11:22:58,-07:00,2025-04-25T11:22:58-07:00,0,54
projects\index.html,11,html,964ec005,willemdehaan,2025-04-25,11:22:58,-07:00,2025-04-25T11:22:58-07:00,0,39
projects\index.html,12,html,964ec005,willemdehaan,2025-04-25,11:22:58,-07:00,2025-04-25T11:22:58-07:00,0,0
projects\index.html,13,html,3d881efc,willemdehaan,2025-05-03,07:47:52,-07:00,2025-05-03T07:47:52-07:00,0,46
projects\index.html,14,html,b397bff9,willemdehaan,2025-05-03,08:00:40,-07:00,2025-05-03T08:00:40-07:00,0,22
projects\index.html,15,html,b397bff9,willemdehaan,2025-05-03,08:00:40,-07:00,2025-05-03T08:00:40-07:00,0,59
projects\index.html,16,html,b397bff9,willemdehaan,2025-05-03,08:00:40,-07:00,2025-05-03T08:00:40-07:00,0,23
projects\index.html,17,html,b397bff9,willemdehaan,2025-05-03,08:00:40,-07:00,2025-05-03T08:00:40-07:00,0,5
projects\index.html,18,html,3d881efc,willemdehaan,2025-05-03,07:47:52,-07:00,2025-05-03T07:47:52-07:00,0,0
projects\index.html,19,html,c15ca6db,willemdehaan,2025-05-03,08:34:29,-07:00,2025-05-03T08:34:29-07:00,0,5
projects\index.html,20,html,c15ca6db,willemdehaan,2025-05-03,08:34:29,-07:00,2025-05-03T08:34:29-07:00,0,16
projects\index.html,21,html,c15ca6db,willemdehaan,2025-05-03,08:34:29,-07:00,2025-05-03T08:34:29-07:00,0,12
projects\index.html,22,html,c15ca6db,willemdehaan,2025-05-03,08:34:29,-07:00,2025-05-03T08:34:29-07:00,0,27
projects\index.html,23,html,c15ca6db,willemdehaan,2025-05-03,08:34:29,-07:00,2025-05-03T08:34:29-07:00,0,32
projects\index.html,24,html,c15ca6db,willemdehaan,2025-05-03,08:34:29,-07:00,2025-05-03T08:34:29-07:00,0,1
projects\index.html,25,html,c15ca6db,willemdehaan,2025-05-03,08:34:29,-07:00,2025-05-03T08:34:29-07:00,0,0
projects\index.html,26,html,3d881efc,willemdehaan,2025-05-03,07:47:52,-07:00,2025-05-03T07:47:52-07:00,0,0
projects\index.html,27,html,964ec005,willemdehaan,2025-04-25,11:22:58,-07:00,2025-04-25T11:22:58-07:00,0,49
projects\index.html,28,html,964ec005,willemdehaan,2025-04-25,11:22:58,-07:00,2025-04-25T11:22:58-07:00,0,27
projects\index.html,29,html,964ec005,willemdehaan,2025-04-25,11:22:58,-07:00,2025-04-25T11:22:58-07:00,0,0
projects\index.html,30,html,964ec005,willemdehaan,2025-04-25,11:22:58,-07:00,2025-04-25T11:22:58-07:00,0,53
projects\index.html,31,html,964ec005,willemdehaan,2025-04-25,11:22:58,-07:00,2025-04-25T11:22:58-07:00,0,49
projects\index.html,32,html,964ec005,willemdehaan,2025-04-25,11:22:58,-07:00,2025-04-25T11:22:58-07:00,0,48
projects\index.html,33,html,a7167dff,willemdehaan,2025-04-04,12:19:56,-07:00,2025-04-04T12:19:56-07:00,0,6
projects\index.html,34,html,a7167dff,willemdehaan,2025-04-04,12:19:56,-07:00,2025-04-04T12:19:56-07:00,0,6
meta\index.html,1,html,74a76a37,willemdehaan,2025-05-09,10:36:35,-07:00,2025-05-09T10:36:35-07:00,0,14
meta\index.html,2,html,74a76a37,willemdehaan,2025-05-09,10:36:35,-07:00,2025-05-09T10:36:35-07:00,0,15
meta\index.html,3,html,74a76a37,willemdehaan,2025-05-09,10:36:35,-07:00,2025-05-09T10:36:35-07:00,0,5
meta\index.html,4,html,74a76a37,willemdehaan,2025-05-09,10:36:35,-07:00,2025-05-09T10:36:35-07:00,0,23
meta\index.html,5,html,74a76a37,willemdehaan,2025-05-09,10:36:35,-07:00,2025-05-09T10:36:35-07:00,0,71
meta\index.html,6,html,74a76a37,willemdehaan,2025-05-09,10:36:35,-07:00,2025-05-09T10:36:35-07:00,0,27
meta\index.html,7,html,74a76a37,willemdehaan,2025-05-09,10:36:35,-07:00,2025-05-09T10:36:35-07:00,0,44
meta\index.html,8,html,74a76a37,willemdehaan,2025-05-09,10:36:35,-07:00,2025-05-09T10:36:35-07:00,0,6
meta\index.html,9,html,74a76a37,willemdehaan,2025-05-09,10:36:35,-07:00,2025-05-09T10:36:35-07:00,0,5
meta\index.html,10,html,74a76a37,willemdehaan,2025-05-09,10:36:35,-07:00,2025-05-09T10:36:35-07:00,0,61
meta\index.html,11,html,74a76a37,willemdehaan,2025-05-09,10:36:35,-07:00,2025-05-09T10:36:35-07:00,0,6
contacts\index.html,1,html,a7167dff,willemdehaan,2025-04-04,12:19:56,-07:00,2025-04-04T12:19:56-07:00,0,14
contacts\index.html,2,html,a7167dff,willemdehaan,2025-04-04,12:19:56,-07:00,2025-04-04T12:19:56-07:00,0,15
contacts\index.html,3,html,a7167dff,willemdehaan,2025-04-04,12:19:56,-07:00,2025-04-04T12:19:56-07:00,0,5
contacts\index.html,4,html,a7167dff,willemdehaan,2025-04-04,12:19:56,-07:00,2025-04-04T12:19:56-07:00,0,21
contacts\index.html,5,html,a7167dff,willemdehaan,2025-04-04,12:19:56,-07:00,2025-04-04T12:19:56-07:00,0,69
contacts\index.html,6,html,74d5805c,willemdehaan,2025-04-04,18:55:17,-07:00,2025-04-04T18:55:17-07:00,0,28
contacts\index.html,7,html,b761eaff,willemdehaan,2025-04-11,12:25:02,-07:00,2025-04-11T12:25:02-07:00,0,44
contacts\index.html,8,html,a7167dff,willemdehaan,2025-04-04,12:19:56,-07:00,2025-04-04T12:19:56-07:00,0,6
contacts\index.html,9,html,a7167dff,willemdehaan,2025-04-04,12:19:56,-07:00,2025-04-04T12:19:56-07:00,0,5
contacts\index.html,10,html,a7167dff,willemdehaan,2025-04-04,12:19:56,-07:00,2025-04-04T12:19:56-07:00,0,15
contacts\index.html,11,html,a7167dff,willemdehaan,2025-04-04,12:19:56,-07:00,2025-04-04T12:19:56-07:00,0,73
contacts\index.html,12,html,a7167dff,willemdehaan,2025-04-04,12:19:56,-07:00,2025-04-04T12:19:56-07:00,0,54
contacts\index.html,13,html,a7167dff,willemdehaan,2025-04-04,12:19:56,-07:00,2025-04-04T12:19:56-07:00,0,45
contacts\index.html,14,html,a7167dff,willemdehaan,2025-04-04,12:19:56,-07:00,2025-04-04T12:19:56-07:00,0,53
contacts\index.html,15,html,a7167dff,willemdehaan,2025-04-04,12:19:56,-07:00,2025-04-04T12:19:56-07:00,0,20
contacts\index.html,16,html,a7167dff,willemdehaan,2025-04-04,12:19:56,-07:00,2025-04-04T12:19:56-07:00,0,6
contacts\index.html,17,html,0be2d73e,willemdehaan,2025-04-17,16:58:27,-07:00,2025-04-17T16:58:27-07:00,0,49
contacts\index.html,18,html,a7167dff,willemdehaan,2025-04-04,12:19:56,-07:00,2025-04-04T12:19:56-07:00,0,6
contacts\index.html,19,html,a7167dff,willemdehaan,2025-04-04,12:19:56,-07:00,2025-04-04T12:19:56-07:00,0,6
